,No.,Code,Name,Prev.,Close,Change,%
0,1.0,AALI,Astra Agro Lestari Tbk.,9375,9125,-250,-2.67%
1,2.0,ABBA,Mahaka Media Tbk.,210,216,6,2.86%
2,3.0,ABBA-R,Right VI Mahaka Media Tbk,0,0,0,0.00%
3,4.0,ABDA,Asuransi Bina Dana Arta Tbk.,6150,0,0,0.00%
4,5.0,ABMM,ABM Investama Tbk.,2350,2240,-110,-4.68%
5,6.0,ACES,Ace Hardware Indonesia Tbk.,770,750,-20,-2.60%
6,7.0,ACST,Acset Indonusa Tbk.,159,158,-1,-0.63%
7,8.0,ACST-R,Right II ACSET Indonusa Tbk,0,0,0,0.00%
8,9.0,ADCP,Adhi Commuter Properti Tbk.,75,76,1,1.33%
9,10.0,ADES,Akasha Wira International Tbk.,6325,6250,-75,-1.19%
10,11.0,ADHI,Adhi Karya (Persero) Tbk.,720,720,0,0.00%
11,12.0,ADMF,Adira Dinamika Multi Finance Tbk.,7975,7950,-25,-0.31%
12,13.0,ADMG,Polychem Indonesia Tbk,170,172,2,1.18%
13,14.0,ADMR,Adaro Minerals Indonesia Tbk.,1665,1600,-65,-3.90%
14,15.0,ADRO,Adaro Energy Indonesia Tbk.,2920,2930,10,0.34%
15,16.0,AGAR,Asia Sejahtera Mina Tbk.,286,296,10,3.50%
16,17.0,AGII,Aneka Gas Industri Tbk.,2180,2190,10,0.46%
17,18.0,AGRO,Bank Raya Indonesia Tbk.,785,735,-50,-6.37%
18,19.0,AGRO-R,Right IV Bank Rakyat Indonesia Agroniaga,0,0,0,0.00%
19,20.0,AGRS,Bank IBK Indonesia Tbk.,123,118,-5,-4.07%
20,21.0,AGRS-R,Right III Bank IBK Indonesia Tbk,0,0,0,0.00%
21,22.0,AHAP,Asuransi Harta Aman Pratama Tbk.,61,59,-2,-3.28%
22,23.0,AIMS,Akbar Indo Makmur Stimec Tbk,250,250,0,0.00%
23,24.0,AIMS-W,Warrant Seri I Akbar Indo M.S.,0,0,0,0.00%
24,25.0,AISA,FKS Food Sejahtera Tbk.,142,141,-1,-0.70%
25,26.0,AISA-R,Right II Tiga Pilar Sejahtera Food Tbk,0,0,0,0.00%
26,27.0,AKKU,Anugerah Kagum Karya Utama Tbk.,50,50,0,0.00%
27,28.0,AKPI,Argha Karya Prima Industry Tbk.,1380,1395,15,1.09%
28,29.0,AKRA,AKR Corporindo Tbk.,1065,1050,-15,-1.41%
29,30.0,AKSI,Mineral Sumberdaya Mandiri Tbk.,274,272,-2,-0.73%
30,31.0,ALDO,Alkindo Naratama Tbk.,845,850,5,0.59%
31,32.0,ALDO-R,Right II Alkindo Naratama Tbk,0,0,0,0.00%
32,33.0,ALDO-W,Waran Seri I Alkindo Naratama Tbk.,202,182,-20,-9.90%
33,34.0,ALKA,Alakasa Industrindo Tbk,286,290,4,1.40%
34,35.0,ALMI,Alumindo Light Metal Industry Tbk.,302,294,-8,-2.65%
35,36.0,ALTO,Tri Banyan Tirta Tbk.,214,200,-14,-6.54%
36,37.0,ALTO-W,Waran Seri I Tri Banyan Tirta Tbk,0,0,0,0.00%
37,38.0,AMAG,Asuransi Multi Artha Guna Tbk.,382,366,-16,-4.19%
38,39.0,AMAN,Makmur Berkah Amanda Tbk.,510,510,0,0.00%
39,40.0,AMAR,Bank Amar Indonesia Tbk.,302,302,0,0.00%
40,41.0,AMAR-R,Right I Bank Amar Indonesia Tbk,0,0,0,0.00%
41,42.0,AMFG,Asahimas Flat Glass Tbk.,6375,6250,-125,-1.96%
42,43.0,AMIN,Ateliers Mecaniques D Indonesie Tbk.,121,125,4,3.31%
43,44.0,AMOR,Ashmore Asset Management Indonesia Tbk.,1360,1320,-40,-2.94%
44,45.0,AMRT,Sumber Alfaria Trijaya Tbk.,1930,1935,5,0.26%
45,46.0,ANDI,Andira Agro Tbk.,50,50,0,0.00%
46,47.0,ANJT,Austindo Nusantara Jaya Tbk.,820,805,-15,-1.83%
47,48.0,ANTA-W,Warrant Seri I Anta Express Tr,0,0,0,0.00%
48,49.0,ANTM,Aneka Tambang Tbk.,1740,1720,-20,-1.15%
49,50.0,APEX,Apexindo Pratama Duta Tbk.,326,320,-6,-1.84%
50,51.0,APIC,Pacific Strategic Financial Tbk.,1040,1030,-10,-0.96%
51,52.0,APIC-R,Right I Pacific Strategic Financial Tbk,0,0,0,0.00%
52,53.0,APII,Arita Prima Indonesia Tbk.,190,192,2,1.05%
53,54.0,APLI,Asiaplast Industries Tbk.,200,195,-5,-2.50%
54,55.0,APLN,Agung Podomoro Land Tbk.,109,109,0,0.00%
55,56.0,APLN-R,Right I Agung Podomoro Land Tbk,0,0,0,0.00%
56,57.0,APOL-W,Waran Seri I Arpeni Pratama Ocean Line,0,0,0,0.00%
57,58.0,APOL-W2,Waran Seri II Arpeni Pratama Ocean Line,0,0,0,0.00%
58,59.0,ARCI,Archi Indonesia Tbk.,316,308,-8,-2.53%
59,60.0,ARGO,Argo Pantes Tbk,1170,1195,25,2.14%
60,61.0,ARII,Atlas Resources Tbk.,218,212,-6,-2.75%
61,62.0,ARKA,Arkha Jayanti Persada Tbk.,50,50,0,0.00%
62,63.0,ARKO,Arkora Hydro Tbk.,298,306,8,2.68%
63,64.0,ARMY,Armidian Karyatama Tbk.,50,0,0,0.00%
64,65.0,ARNA,Arwana Citramulia Tbk.,965,960,-5,-0.52%
65,66.0,ARTA,Arthavest Tbk,2310,2340,30,1.30%
66,67.0,ARTA-W,Waran Seri I Arthavest Tbk,0,0,0,0.00%
67,68.0,ARTI,Ratu Prabu Energi Tbk,50,0,0,0.00%
68,69.0,ARTO,Bank Jago Tbk.,8725,9200,475,5.44%
69,70.0,ASBI,Asuransi Bintang Tbk.,298,302,4,1.34%
70,71.0,ASDM,Asuransi Dayin Mitra Tbk.,965,950,-15,-1.55%
71,72.0,ASGR,Astra Graphia Tbk.,900,885,-15,-1.67%
72,73.0,ASHA,Cilacap Samudera Fishing Industry Tbk.,224,248,24,10.71%
73,74.0,ASII,Astra International Tbk.,6100,5825,-275,-4.51%
74,75.0,ASJT,Asuransi Jasa Tania Tbk.,131,131,0,0.00%
75,76.0,ASJT-R,Right I Asuransi Jasa Tania Tbk,0,0,0,0.00%
76,77.0,ASLC,Autopedia Sukses Lestari Tbk.,138,136,-2,-1.45%
77,78.0,ASMI,Asuransi Maximus Graha Persada Tbk.,127,128,1,0.79%
78,79.0,ASPI,Andalan Sakti Primaindo Tbk.,89,86,-3,-3.37%
79,80.0,ASPI-W,Waran Seri I Andalan Sakti Primaindo Tbk.,16,17,1,6.25%
80,81.0,ASRI,Alam Sutera Realty Tbk.,160,160,0,0.00%
81,82.0,ASRM,Asuransi Ramayana Tbk.,1585,1585,0,0.00%
82,83.0,ASSA,Adi Sarana Armada Tbk.,1690,1625,-65,-3.85%
83,84.0,ASSA-R,Right I Adi Sarana Armada Tbk,0,0,0,0.00%
84,85.0,ATAP,Trimitra Prawara Goldland Tbk.,124,120,-4,-3.23%
85,86.0,ATIC,Anabatic Technologies Tbk.,384,372,-12,-3.13%
86,87.0,AUTO,Astra Otoparts Tbk.,1120,1120,0,0.00%
87,88.0,AVIA,Avia Avian Tbk.,930,950,20,2.15%
88,89.0,AYLS,Agro Yasa Lestari Tbk.,165,165,0,0.00%
89,90.0,BABP,Bank MNC Internasional Tbk.,126,123,-3,-2.38%
90,91.0,BABP-R,Right IV Bank MNC Internasional Tbk,0,0,0,0.00%
91,92.0,BABP-W3,Waran Seri IV Bank MNC Internasional Tbk.,74,73,-1,-1.35%
92,93.0,BABP-W4,Waran Seri V Bank MNC Internasional Tbk.,86,78,-8,-9.30%
93,94.0,BACA,Bank Capital Indonesia Tbk.,162,151,-11,-6.79%
94,95.0,BACA-W,Waran Seri III Bank Capital Indonesia Tb,0,0,0,0.00%
95,96.0,BACA-W2,Waran Seri III Bank Capital Indonesia Tbk.,105,121,16,15.24%
96,97.0,BAJA,Saranacentral Bajatama Tbk.,168,171,3,1.79%
97,98.0,BALI,Bali Towerindo Sentra Tbk.,825,820,-5,-0.61%
98,99.0,BANK,Bank Aladin Syariah Tbk.,1925,1925,0,0.00%
99,100.0,BANK-R,Right I Bank Aladin Syariah Tbk,0,0,0,0.00%
100,101.0,BANK-W,Waran Seri I Bank Aladin Syariah Tbk.,1505,0,0,0.00%
101,102.0,BAPA,Bekasi Asri Pemula Tbk.,98,98,0,0.00%
102,103.0,BAPI,Bhakti Agung Propertindo Tbk.,50,50,0,0.00%
103,104.0,BAPI-W,Waran Seri I Bhakti Agung Propertindo Tbk.,2,2,0,0.00%
104,105.0,BATA,Sepatu Bata Tbk.,520,500,-20,-3.85%
105,106.0,BAUT,Mitra Angkasa Sejahtera Tbk.,50,50,0,0.00%
106,107.0,BAUT-W,Waran Seri I Mitra Angkasa Sejahtera Tbk.,8,7,-1,-12.50%
107,108.0,BAYU,Bayu Buana Tbk,1140,1140,0,0.00%
108,109.0,BBCA,Bank Central Asia Tbk.,7175,7000,-175,-2.44%
109,110.0,BBHI,Allo Bank Indonesia Tbk.,3570,3430,-140,-3.92%
110,111.0,BBHI-R,Right III Allo Bank Indonesia Tbk,0,0,0,0.00%
111,112.0,BBKP,Bank KB Bukopin Tbk.,202,199,-3,-1.49%
112,113.0,BBKP-R,Right VI Bank KB Bukopin Tbk,0,0,0,0.00%
113,114.0,BBLD,Buana Finance Tbk.,424,410,-14,-3.30%
114,115.0,BBLD-W,Waran Buana Finance Tbk,0,0,0,0.00%
115,116.0,BBMD,Bank Mestika Dharma Tbk.,1980,2120,140,7.07%
116,117.0,BBNI,Bank Negara Indonesia (Persero) Tbk.,7450,7225,-225,-3.02%
117,118.0,BBRI,Bank Rakyat Indonesia (Persero) Tbk.,4110,4060,-50,-1.22%
118,119.0,BBRI-R,Right I Bank Rakyat Indonesia (Persero),0,0,0,0.00%
119,120.0,BBRM,Pelayaran Nasional Bina Buana Raya Tbk.,50,50,0,0.00%
120,121.0,BBSI,Bank Bisnis Internasional Tbk.,4000,4020,20,0.50%
121,122.0,BBSI-R,Right I Bank Bisnis Internasional Tbk,0,0,0,0.00%
122,123.0,BBSS,Bumi Benowo Sukses Sejahtera Tbk.,56,59,3,5.36%
123,124.0,BBSS-W,Waran Seri I Bumi Benowo Sukses Sejahter,0,0,0,0.00%
124,125.0,BBTN,Bank Tabungan Negara (Persero) Tbk.,1430,1410,-20,-1.40%
125,126.0,BBYB,Bank Neo Commerce Tbk.,1230,1170,-60,-4.88%
126,127.0,BBYB-R,Right V Bank NEO Commerce Tbk,0,0,0,0.00%
127,128.0,BBYB-W,Waran Seri I Bank Yudha Bhakti Tbk,0,0,0,0.00%
128,129.0,BBYD,Bank Yudha Bhakti Tbk,0,0,0,0.00%
129,130.0,BCAP,MNC Kapital Indonesia Tbk.,130,121,-9,-6.92%
130,131.0,BCIC,Bank JTrust Indonesia Tbk.,153,156,3,1.96%
131,132.0,BCIC-R,Right Bank Jtrust Indonesia Tbk - 2021,0,0,0,0.00%
132,133.0,BCIC-W1,Warrant Bank CIC International,0,0,0,0.00%
133,134.0,BCIC-W3,Warrant Seri III Bank Century,0,0,0,0.00%
134,135.0,BCIP,Bumi Citra Permai Tbk.,60,58,-2,-3.33%
135,136.0,BDMN,Bank Danamon Indonesia Tbk.,2390,2390,0,0.00%
136,137.0,BEBS,Berkah Beton Sadaya Tbk.,4700,4750,50,1.06%
137,138.0,BEEF,Estika Tata Tiara Tbk.,50,51,1,2.00%
138,139.0,BEEF-W,Waran Seri I Estika Tata Tiara Tbk,0,0,0,0.00%
139,140.0,BEKS,Bank Pembangunan Daerah Banten Tbk.,50,50,0,0.00%
140,141.0,BEKS-R,Right III Bank Pundi Indonesia Tbk,0,0,0,0.00%
141,142.0,BEKS-W,Warrant Seri I Bank Pundi Indonesia Tbk,0,0,0,0.00%
142,143.0,BELL,Trisula Textile Industries Tbk.,362,338,-24,-6.63%
143,144.0,BESS,Batulicin Nusantara Maritim Tbk.,348,352,4,1.15%
144,145.0,BESS-W,Waran Seri I Batulicin Nusantara Maritim Tbk.,208,195,-13,-6.25%
145,146.0,BEST,Bekasi Fajar Industrial Estate Tbk.,118,117,-1,-0.85%
146,147.0,BFIN,BFI Finance Indonesia Tbk.,1000,1100,100,10.00%
147,148.0,BGTG,Bank Ganesha Tbk.,122,118,-4,-3.28%
148,149.0,BHAT,Bhakti Multi Artha Tbk.,995,980,-15,-1.51%
149,150.0,BHIT,MNC Investama Tbk.,59,57,-2,-3.39%
150,151.0,BHIT-R,Right VII MNC Investama Tbk,0,0,0,0.00%
151,152.0,BHIT-W,Warrant Seri I Bhakti Investam,0,0,0,0.00%
152,153.0,BHIT-W3,Waran Seri III Bhakti Investam,0,0,0,0.00%
153,154.0,BIKA,Binakarya Jaya Abadi Tbk.,134,128,-6,-4.48%
154,155.0,BIKE,Sepeda Bersama Indonesia Tbk.,238,238,0,0.00%
155,156.0,BIKE-W,Waran Seri I Sepeda Bersama Indonesia Tbk.,17,16,-1,-5.88%
156,157.0,BIMA,Primarindo Asia Infrastructure Tbk.,244,248,4,1.64%
157,158.0,BINA,Bank Ina Perdana Tbk.,3810,3780,-30,-0.79%
158,159.0,BINA-R,Right III Bank Ina Perdana Tbk,0,0,0,0.00%
159,160.0,BINO,Perma Plasindo Tbk.,134,135,1,0.75%
160,161.0,BINO-W,Waran Seri I Perma Plasindo Tbk.,19,19,0,0.00%
161,162.0,BIPI,Astrindo Nusantara Infrastruktur Tbk.,135,137,2,1.48%
162,163.0,BIPI-W,Waran Seri II Astrindo Nusantara Infrast,2,0,0,0.00%
163,164.0,BIPP,Bhuwanatala Indah Permai Tbk.,51,51,0,0.00%
164,165.0,BIPP-W,Waran Seri IV Bhuwanatala Indah Permai,0,0,0,0.00%
165,166.0,BIPP-W2,Waran Seri IV Bhuwanatala Indah Permai T,0,0,0,0.00%
166,167.0,BIRD,Blue Bird Tbk.,1500,1500,0,0.00%
167,168.0,BISI,BISI International Tbk.,1490,1480,-10,-0.67%
168,169.0,BJBR,Bank Pembangunan Daerah Jawa Barat dan Banten Tbk.,1345,1345,0,0.00%
169,170.0,BJTM,Bank Pembangunan Daerah Jawa Timur Tbk.,730,730,0,0.00%
170,171.0,BKDP,Bukit Darmo Property Tbk,67,65,-2,-2.99%
171,172.0,BKSL,Sentul City Tbk.,51,50,-1,-1.96%
172,173.0,BKSW,Bank QNB Indonesia Tbk.,118,112,-6,-5.08%
173,174.0,BKSW-R,Right VI Bank QNB Indonesia Tbk,0,0,0,0.00%
174,175.0,BKSW-W,Warrant Bank Kesawan Tbk,0,0,0,0.00%
175,176.0,BLTA,Berlian Laju Tanker Tbk,50,50,0,0.00%
176,177.0,BLTZ,Graha Layar Prima Tbk.,2410,2360,-50,-2.07%
177,178.0,BLTZ-R,Right I Graha Layar Prima Tbk,0,0,0,0.00%
178,179.0,BLUE,Berkah Prima Perkasa Tbk.,290,290,0,0.00%
179,180.0,BM05,Benchmark Bond 05,0,0,0,0.00%
180,181.0,BM10,Benchmark Bond 10,0,0,0,0.00%
181,182.0,BMAS,Bank Maspion Indonesia Tbk.,1330,1325,-5,-0.38%
182,183.0,BMHS,Bundamedik Tbk.,570,570,0,0.00%
183,184.0,BMRI,Bank Mandiri (Persero) Tbk.,7425,7275,-150,-2.02%
184,185.0,BMSR,Bintang Mitra Semestaraya Tbk,720,765,45,6.25%
185,186.0,BMTR,Global Mediacom Tbk.,282,278,-4,-1.42%
186,187.0,BNBA,Bank Bumi Arta Tbk.,1650,1635,-15,-0.91%
187,188.0,BNBA-R,Right I Bank Bumi Arta Tbk,0,0,0,0.00%
188,189.0,BNBR,Bakrie & Brothers Tbk,50,50,0,0.00%
189,190.0,BNGA,Bank CIMB Niaga Tbk.,995,990,-5,-0.50%
190,191.0,BNGA-R,Right Bank Niaga,0,0,0,0.00%
191,192.0,BNII,Bank Maybank Indonesia Tbk.,264,264,0,0.00%
192,193.0,BNLI,Bank Permata Tbk.,1170,1170,0,0.00%
193,194.0,BNLI-R,Right IX Bank Permata Tbk,0,0,0,0.00%
194,195.0,BOBA,Formosa Ingredient Factory Tbk.,190,186,-4,-2.11%
195,196.0,BOGA,Bintang Oto Global Tbk.,1310,1315,5,0.38%
196,197.0,BOLA,Bali Bintang Sejahtera Tbk.,266,268,2,0.75%
197,198.0,BOLT,Garuda Metalindo Tbk.,1510,1465,-45,-2.98%
198,199.0,BOSS,Borneo Olah Sarana Sukses Tbk.,52,52,0,0.00%
199,200.0,BPFI,Batavia Prosperindo Finance Tbk.,665,650,-15,-2.26%
200,201.0,BPII,Batavia Prosperindo Internasional Tbk.,7900,0,0,0.00%
201,202.0,BPTR,Batavia Prosperindo Trans Tbk.,186,186,0,0.00%
202,203.0,BRAM,Indo Kordsa Tbk.,11450,11425,-25,-0.22%
203,204.0,BRIS,Bank Syariah Indonesia Tbk.,1520,1415,-105,-6.91%
204,205.0,BRMS,Bumi Resources Minerals Tbk.,232,228,-4,-1.72%
205,206.0,BRMS-R,Right II Bumi Resources Minerals Tbk,0,0,0,0.00%
206,207.0,BRMS-W,Waran Seri II Bumi Resources Minerals Tb,0,0,0,0.00%
207,208.0,BRNA,Berlina Tbk.,960,0,0,0.00%
208,209.0,BRPT,Barito Pacific Tbk.,825,875,50,6.06%
209,210.0,BRPT-W,Waran Seri I Barito Pacific Tbk,0,0,0,0.00%
210,211.0,BSDE,Bumi Serpong Damai Tbk.,915,905,-10,-1.09%
211,212.0,BSIM,Bank Sinarmas Tbk.,580,580,0,0.00%
212,213.0,BSIM-W,Waran Seri II Bank Sinarmas Tbk,0,0,0,0.00%
213,214.0,BSIM-W2,Waran Seri II Bank Sinarmas Tbk,0,0,0,0.00%
214,215.0,BSIM-W3,Waran Seri III Bank Sinarmas Tbk,0,0,0,0.00%
215,216.0,BSML,Bintang Samudera Mandiri Lines Tbk.,1015,1025,10,0.99%
216,217.0,BSSR,Baramulti Suksessarana Tbk.,3460,3410,-50,-1.45%
217,218.0,BSWD,Bank Of India Indonesia Tbk.,1750,0,0,0.00%
218,219.0,BTEK,Bumi Teknokultura Unggul Tbk,50,50,0,0.00%
219,220.0,BTEK-W,Warrant Bumi Teknokultura,0,0,0,0.00%
220,221.0,BTEL,Bakrie Telecom Tbk.,50,0,0,0.00%
221,222.0,BTON,Betonjaya Manunggal Tbk.,300,310,10,3.33%
222,223.0,BTPN,Bank BTPN Tbk.,2470,2440,-30,-1.21%
223,224.0,BTPS,Bank BTPN Syariah Tbk.,2750,2630,-120,-4.36%
224,225.0,BUDI,Budi Starch & Sweetener Tbk.,228,236,8,3.51%
225,226.0,BUKA,Bukalapak.com Tbk.,256,252,-4,-1.56%
226,227.0,BUKK,Bukaka Teknik Utama Tbk.,1010,990,-20,-1.98%
227,228.0,BULL,Buana Lintas Lautan Tbk.,167,168,1,0.60%
228,229.0,BULL-R,Right III Buana Lintas Lautan Tbk,0,0,0,0.00%
229,230.0,BULL-W,Warrant seri II Buana Listya Tama,0,0,0,0.00%
230,231.0,BULL-W2,Waran Seri IV Buana Lintas Lautan Tbk,4,0,0,0.00%
231,232.0,BULL-W3,Waran Seri IV Buana Lintas Lautan Tbk,0,0,0,0.00%
232,233.0,BUMI,Bumi Resources Tbk.,79,75,-4,-5.06%
233,234.0,BUMI-R,Right V Bumi Resources Tbk Seri A,0,0,0,0.00%
234,235.0,BUMI-R2,Right V Bumi Resources Tbk Seri B,0,0,0,0.00%
235,236.0,BUVA,Bukit Uluwatu Villa Tbk.,60,0,0,0.00%
236,237.0,BVIC,Bank Victoria International Tbk.,136,131,-5,-3.68%
237,238.0,BWPT,Eagle High Plantations Tbk.,67,66,-1,-1.49%
238,239.0,BYAN,Bayan Resources Tbk.,72000,71000,-1000,-1.39%
239,240.0,CAKK,Cahayaputra Asa Keramik Tbk.,140,142,2,1.43%
240,241.0,CAMP,Campina Ice Cream Industry Tbk.,276,280,4,1.45%
241,242.0,CANI,Capitol Nusantara Indonesia Tbk.,109,104,-5,-4.59%
242,243.0,CARE,Metro Healthcare Indonesia Tbk.,492,492,0,0.00%
243,244.0,CARS,Industri dan Perdagangan Bintraco Dharma Tbk.,50,50,0,0.00%
244,245.0,CASA,Capital Financial Indonesia Tbk.,735,735,0,0.00%
245,246.0,CASA-W,Waran I Capital Financial Indonesia Tbk,0,0,0,0.00%
246,247.0,CASH,Cashlez Worldwide Indonesia Tbk.,178,174,-4,-2.25%
247,248.0,CASH-W,Waran Seri I Cashlez Worldwide Indonesia,0,0,0,0.00%
248,249.0,CASS,Cardig Aero Services Tbk.,396,372,-24,-6.06%
249,250.0,CBMF,Cahaya Bintang Medan Tbk.,51,50,-1,-1.96%
250,251.0,CCSI,Communication Cable Systems Indonesia Tbk.,710,695,-15,-2.11%
251,252.0,CEKA,Wilmar Cahaya Indonesia Tbk.,2270,2290,20,0.88%
252,253.0,CENT,Centratama Telekomunikasi Indonesia Tbk.,169,167,-2,-1.18%
253,254.0,CENT-R,Right I Centrin Online Tbk,0,0,0,0.00%
254,255.0,CFIN,Clipan Finance Indonesia Tbk.,276,282,6,2.17%
255,256.0,CFIN-R,Right IV Clipan Finance Indonesia Tbk,0,0,0,0.00%
256,257.0,CFIN-W2,Waran Seri II Clipan Finance,0,0,0,0.00%
257,258.0,CFIN-W3,Waran Seri III Clipan Finance,0,0,0,0.00%
258,259.0,CHEM,Chemstar Indonesia Tbk.,135,126,-9,-6.67%
259,260.0,CHEM-W,Waran Seri I Chemstar Indonesia Tbk.,10,10,0,0.00%
260,261.0,CINT,Chitose Internasional Tbk.,234,236,2,0.85%
261,262.0,CITA,Cita Mineral Investindo Tbk.,2950,2970,20,0.68%
262,263.0,CITA-R,Right III Cita Mineral Investindo Tbk,0,0,0,0.00%
263,264.0,CITA-W,Warrant Seri I Cipta Panelutam,0,0,0,0.00%
264,265.0,CITY,Natura City Developments Tbk.,146,146,0,0.00%
265,266.0,CITY-W,Waran Seri I Natura City Developments Tb,58,0,0,0.00%
266,267.0,CLAY,Citra Putra Realty Tbk.,690,735,45,6.52%
267,268.0,CLEO,Sariguna Primatirta Tbk.,470,476,6,1.28%
268,269.0,CLPI,Colorpak Indonesia Tbk.,1110,1115,5,0.45%
269,270.0,CLPI-W,Warrant Colorpak Indonesia Tbk,0,0,0,0.00%
270,271.0,CMNP,Citra Marga Nusaphala Persada Tbk.,1975,1980,5,0.25%
271,272.0,CMNP-R,Right II Citra Marga Nushapala P. Tbk,0,0,0,0.00%
272,273.0,CMNP-W,Waran Seri I Citra Marga Nusaphala Persada Tbk.,960,0,0,0.00%
273,274.0,CMNT,Cemindo Gemilang Tbk.,1010,1000,-10,-0.99%
274,275.0,CMPP,AirAsia Indonesia Tbk.,274,300,26,9.49%
275,276.0,CMRY,Cisarua Mountain Dairy Tbk.,3960,3910,-50,-1.26%
276,277.0,CNKO,Exploitasi Energi Indonesia Tbk.,50,50,0,0.00%
277,278.0,CNKO-W,Warrant Central Korporindo Int,0,0,0,0.00%
278,279.0,CNKO-W2,Warrant Seri II Central Korpor,0,0,0,0.00%
279,280.0,CNTB,Saham Seri B ( Centex Tbk ),250,0,0,0.00%
280,281.0,CNTX,Century Textile Industry Tbk.,268,260,-8,-2.99%
281,282.0,COCO,Wahana Interfood Nusantara Tbk.,162,160,-2,-1.23%
282,283.0,COCO-R,Right I Wahana Interfood Nusantara Tbk,0,0,0,0.00%
283,284.0,COWL,Cowell Development Tbk.,50,0,0,0.00%
284,285.0,COWL-R,Right I Cowell Development Tbk,0,0,0,0.00%
285,286.0,CPIN,Charoen Pokphand Indonesia Tbk,5600,5650,50,0.89%
286,287.0,CPRI,Capri Nusa Satu Properti Tbk.,50,0,0,0.00%
287,288.0,CPRI-W,Waran Seri I Capri Nusa Satu Properti,12,0,0,0.00%
288,289.0,CPRO,Central Proteina Prima Tbk.,61,59,-2,-3.28%
289,290.0,CSAP,Catur Sentosa Adiprana Tbk.,620,605,-15,-2.42%
290,291.0,CSAP-W,Waran Catur Sentosa Adiprana,0,0,0,0.00%
291,292.0,CSIS,Cahayasakti Investindo Sukses Tbk.,73,74,1,1.37%
292,293.0,CSMI,Cipta Selera Murni Tbk.,3350,3330,-20,-0.60%
293,294.0,CSRA,Cisadane Sawit Raya Tbk.,650,615,-35,-5.38%
294,295.0,CTBN,Citra Tubindo Tbk.,2280,2160,-120,-5.26%
295,296.0,CTRA,Ciputra Development Tbk.,845,835,-10,-1.18%
296,297.0,CTTH,Citatah Tbk.,50,50,0,0.00%
297,298.0,DADA,Diamond Citra Propertindo Tbk.,50,50,0,0.00%
298,299.0,DADA-W,Waran Seri I Diamond Citra Propertindo Tbk.,7,7,0,0.00%
299,300.0,DART,Duta Anggada Realty Tbk.,210,218,8,3.81%
300,301.0,DAYA,Duta Intidaya Tbk.,230,220,-10,-4.35%
301,302.0,DCII,DCI Indonesia Tbk.,41650,41650,0,0.00%
302,303.0,DEAL,Dewata Freightinternational Tbk.,50,50,0,0.00%
303,304.0,DEAL-W,Waran Seri I Dewata Freightinternational,9,0,0,0.00%
304,305.0,DEFI,Danasupra Erapacific Tbk.,1455,0,0,0.00%
305,306.0,DEFI-R,Right I Danasupra Erapacific Tbk,0,0,0,0.00%
306,307.0,DEPO,Caturkarda Depo Bangunan Tbk.,464,458,-6,-1.29%
307,308.0,DEWA,Darma Henwa Tbk,57,57,0,0.00%
308,309.0,DFAM,Dafam Property Indonesia Tbk.,234,218,-16,-6.84%
309,310.0,DFAM-W,Waran Seri I Dafam Property Indonesia Tb,0,0,0,0.00%
310,311.0,DGIK,Nusa Konstruksi Enjiniring Tbk.,116,117,1,0.86%
311,312.0,DGNS,Diagnos Laboratorium Utama Tbk.,300,300,0,0.00%
312,313.0,DIGI,Arkadia Digital Media Tbk.,54,54,0,0.00%
313,314.0,DILD,Intiland Development Tbk.,147,145,-2,-1.36%
314,315.0,DIVA,Distribusi Voucher Nusantara Tbk.,885,900,15,1.69%
315,316.0,DKFT,Central Omega Resources Tbk.,120,119,-1,-0.83%
316,317.0,DKFT-R,Right I Central Omega Resources Tbk,0,0,0,0.00%
317,318.0,DLTA,Delta Djakarta Tbk.,3930,3880,-50,-1.27%
318,319.0,DMAS,Puradelta Lestari Tbk.,161,160,-1,-0.62%
319,320.0,DMMX,Digital Mediatama Maxima Tbk.,1595,1580,-15,-0.94%
320,321.0,DMND,Diamond Food Indonesia Tbk.,820,800,-20,-2.44%
321,322.0,DNAR,Bank Oke Indonesia Tbk.,190,184,-6,-3.16%
322,323.0,DNAR-R,Right III Bank Oke Indonesia Tbk,0,0,0,0.00%
323,324.0,DNET,Indoritel Makmur Internasional Tbk.,3350,3330,-20,-0.60%
324,325.0,DOID,Delta Dunia Makmur Tbk.,364,360,-4,-1.10%
325,326.0,DOID-W,Warrant Seri I Daeyu Orchid,0,0,0,0.00%
326,327.0,DPNS,Duta Pertiwi Nusantara Tbk.,366,362,-4,-1.09%
327,328.0,DPUM,Dua Putra Utama Makmur Tbk.,50,0,0,0.00%
328,329.0,DRMA,Dharma Polimetal Tbk.,710,695,-15,-2.11%
329,330.0,DSFI,Dharma Samudera Fishing Industries Tbk.,91,91,0,0.00%
330,331.0,DSNG,Dharma Satya Nusantara Tbk.,490,478,-12,-2.45%
331,332.0,DSSA,Dian Swastatika Sentosa Tbk,35050,32600,-2450,-6.99%
332,333.0,DUCK,Jaya Bersama Indo Tbk.,176,0,0,0.00%
333,334.0,DUTI,Duta Pertiwi Tbk,4890,4890,0,0.00%
334,335.0,DVLA,Darya-Varia Laboratoria Tbk.,2500,2520,20,0.80%
335,336.0,DWGL,Dwi Guna Laksana Tbk.,204,208,4,1.96%
336,337.0,DWGL-W,Waran Seri I Dwi Guna Laksana Tbk.,27,27,0,0.00%
337,338.0,DYAN,Dyandra Media International Tbk.,70,70,0,0.00%
338,339.0,EAST,Eastparc Hotel Tbk.,93,93,0,0.00%
339,340.0,EAST-W,Waran Seri I Eastparc Hotel Tbk,1,0,0,0.00%
340,341.0,ECII,Electronic City Indonesia Tbk.,565,565,0,0.00%
341,342.0,EDGE,Indointernet Tbk.,21350,0,0,0.00%
342,343.0,EKAD,Ekadharma International Tbk.,1415,1420,5,0.35%
343,344.0,ELSA,Elnusa Tbk.,292,288,-4,-1.37%
344,345.0,ELTY,Bakrieland Development Tbk.,50,0,0,0.00%
345,346.0,EMDE,Megapolitan Developments Tbk.,146,150,4,2.74%
346,347.0,EMTK,Elang Mahkota Teknologi Tbk.,1675,1605,-70,-4.18%
347,348.0,ENAK,Champ Resto Indonesia Tbk.,1675,1585,-90,-5.37%
348,349.0,ENRG,Energi Mega Persada Tbk.,236,228,-8,-3.39%
349,350.0,ENRG-R,Right III Energi Mega Persada Tbk,0,0,0,0.00%
350,351.0,ENVY,Envy Technologies Indonesia Tbk.,50,0,0,0.00%
351,352.0,ENZO,Morenzo Abadi Perkasa Tbk.,53,53,0,0.00%
352,353.0,ENZO-W,Waran Seri I Morenzo Abadi Perkasa Tbk.,12,12,0,0.00%
353,354.0,EPAC,Megalestari Epack Sentosaraya Tbk.,50,50,0,0.00%
354,355.0,EPMT,Enseval Putera Megatrading Tbk.,2780,2770,-10,-0.36%
355,356.0,ERAA,Erajaya Swasembada Tbk.,498,490,-8,-1.61%
356,357.0,ERTX,Eratex Djaja Tbk.,204,208,4,1.96%
357,358.0,ESIP,Sinergi Inti Plastindo Tbk.,84,86,2,2.38%
358,359.0,ESIP-R,Right I Sinergi Inti Plastindo Tbk,0,0,0,0.00%
359,360.0,ESIP-W,Waran Seri II Sinergi Inti Plastindo Tbk.,8,9,1,12.50%
360,361.0,ESSA,Surya Esa Perkasa Tbk.,795,740,-55,-6.92%
361,362.0,ESSA-R,Right I Surya Esa Perkasa Tbk,0,0,0,0.00%
362,363.0,ESTA,Esta Multi Usaha Tbk.,462,492,30,6.49%
363,364.0,ESTA-R,Right I Esta Multi Usaha Tbk,0,0,0,0.00%
364,365.0,ESTA-W,Waran Seri I Esta Multi Usaha Tbk.,195,220,25,12.82%
365,366.0,ESTI,Ever Shine Tex Tbk.,121,113,-8,-6.61%
366,367.0,ETWA,Eterindo Wahanatama Tbk,62,0,0,0.00%
367,368.0,EXCL,XL Axiata Tbk.,2300,2300,0,0.00%
368,369.0,FAPA,FAP Agri Tbk.,3600,3550,-50,-1.39%
369,370.0,FAST,Fast Food Indonesia Tbk.,930,930,0,0.00%
370,371.0,FASW,Fajar Surya Wisesa Tbk.,6350,0,0,0.00%
371,372.0,FILM,MD Pictures Tbk.,2350,2420,70,2.98%
372,373.0,FIMP,Fimperkasa Utama Tbk.,41,42,1,2.44%
373,374.0,FIMP-W,Waran Seri I Fimperkasa Utama Tbk,3,0,0,0.00%
374,375.0,FINN,First Indo American Leasing Tbk,0,0,0,0.00%
375,376.0,FIRE,Alfa Energi Investama Tbk.,210,216,6,2.86%
376,377.0,FIRE-W,Waran Seri I Alfa Energi Investama Tbk,0,0,0,0.00%
377,378.0,FISH,FKS Multi Agro Tbk.,7000,7200,200,2.86%
378,379.0,FITT,Hotel Fitra International Tbk.,200,198,-2,-1.00%
379,380.0,FITT-W,Waran Seri I Hotel Fitra Intl. Tbk,110,0,0,0.00%
380,381.0,FLMC,Falmaco Nonwoven Industri Tbk.,78,79,1,1.28%
381,382.0,FMII,Fortune Mate Indonesia Tbk,354,348,-6,-1.69%
382,383.0,FOOD,Sentra Food Indonesia Tbk.,107,103,-4,-3.74%
383,384.0,FORU,Fortune Indonesia Tbk,258,262,4,1.55%
384,385.0,FORU-W,Warrant Seri I Fortune Indones,0,0,0,0.00%
385,386.0,FORZ,Forza Land Indonesia Tbk.,50,0,0,0.00%
386,387.0,FORZ-W,Waran Seri I Forza Land Indonesia Tbk,0,0,0,0.00%
387,388.0,FPNI,Lotte Chemical Titan Tbk.,360,366,6,1.67%
388,389.0,FREN,Smartfren Telecom Tbk.,82,82,0,0.00%
389,390.0,FREN-R,Right IV Smartfren Telecom Tbk,0,0,0,0.00%
390,391.0,FREN-W,Waran Seri II Smartfren Telecom Tbk,11,0,0,0.00%
391,392.0,FREN-W2,Waran Seri III Smartfren Telecom Tbk.,17,17,0,0.00%
392,393.0,FUJI,Fuji Finance Indonesia Tbk.,600,570,-30,-5.00%
393,394.0,GAMA,Aksara Global Development Tbk.,50,50,0,0.00%
394,395.0,GB05,Basket Bond 05Y,0,0,0,0.00%
395,396.0,GB10,Basket Bond 10Y,0,0,0,0.00%
396,397.0,GDST,Gunawan Dianjaya Steel Tbk.,92,92,0,0.00%
397,398.0,GDYR,Goodyear Indonesia Tbk.,1295,1290,-5,-0.39%
398,399.0,GEMA,Gema Grahasarana Tbk.,350,350,0,0.00%
399,400.0,GEMS,Golden Energy Mines Tbk.,6125,5975,-150,-2.45%
400,401.0,GGRM,Gudang Garam Tbk.,29525,29450,-75,-0.25%
401,402.0,GGRP,Gunung Raja Paksi Tbk.,560,555,-5,-0.89%
402,403.0,GHON,Gihon Telekomunikasi Indonesia Tbk.,2200,2190,-10,-0.45%
403,404.0,GIAA,Garuda Indonesia (Persero) Tbk.,222,0,0,0.00%
404,405.0,GJTL,Gajah Tunggal Tbk.,685,685,0,0.00%
405,406.0,GLOB,Globe Kita Terang Tbk.,137,140,3,2.19%
406,407.0,GLVA,Galva Technologies Tbk.,282,272,-10,-3.55%
407,408.0,GMFI,Garuda Maintenance Facility Aero Asia Tbk.,75,76,1,1.33%
408,409.0,GMTD,Gowa Makassar Tourism Development Tbk.,14525,0,0,0.00%
409,410.0,GOLD,Visi Telekomunikasi Infrastruktur Tbk.,328,328,0,0.00%
410,411.0,GOLL,Golden Plantation Tbk.,50,0,0,0.00%
411,412.0,GOLL-W,Warran Seri I Golden Plantation Tbk,0,0,0,0.00%
412,413.0,GOOD,Garudafood Putra Putri Jaya Tbk.,530,530,0,0.00%
413,414.0,GOTO,GoTo Gojek Tokopedia Tbk.,330,324,-6,-1.82%
414,415.0,GPRA,Perdana Gapuraprima Tbk.,77,77,0,0.00%
415,416.0,GPSO,Geoprima Solusi Tbk.,123,125,2,1.63%
416,417.0,GPSO-W,Waran Seri I Geoprima Solusi Tbk.,9,10,1,11.11%
417,418.0,GSMF,Equity Development Investment Tbk.,84,81,-3,-3.57%
418,419.0,GSMF-R,Right V Equity Development Investment,0,0,0,0.00%
419,420.0,GTBO,Garda Tujuh Buana Tbk,75,0,0,0.00%
420,421.0,GTSI,GTS Internasional Tbk.,56,56,0,0.00%
421,422.0,GWSA,Greenwood Sejahtera Tbk.,153,153,0,0.00%
422,423.0,GZCO,Gozco Plantations Tbk.,138,138,0,0.00%
423,424.0,HADE,Himalaya Energi Perkasa Tbk.,50,50,0,0.00%
424,425.0,HAIS,Hasnur Internasional Shipping Tbk.,230,224,-6,-2.61%
425,426.0,HDFA,Radana Bhaskara Finance Tbk.,169,168,-1,-0.59%
426,427.0,HDFA-R,Right II Radana Bhaskara Finance Tbk,0,0,0,0.00%
427,428.0,HDIT,Hensel Davest Indonesia Tbk.,91,85,-6,-6.59%
428,429.0,HDTX,Panasia Indo Resources Tbk.,120,0,0,0.00%
429,430.0,HEAL,Medikaloka Hermina Tbk.,1600,1590,-10,-0.63%
430,431.0,HELI,Jaya Trishindo Tbk.,274,280,6,2.19%
431,432.0,HELI-W,Waran Seri I Jaya Trishindo Tbk,0,0,0,0.00%
432,433.0,HERO,Hero Supermarket Tbk.,1595,1600,5,0.31%
433,434.0,HEXA,Hexindo Adiperkasa Tbk.,6100,6100,0,0.00%
434,435.0,HITS,Humpuss Intermoda Transportasi Tbk.,915,855,-60,-6.56%
435,436.0,HKMU,HK Metals Utama Tbk.,50,50,0,0.00%
436,437.0,HMSP,H.M. Sampoerna Tbk.,955,950,-5,-0.52%
437,438.0,HMSP-R,Right I HM Sampoerna Tbk,0,0,0,0.00%
438,439.0,HOKI,Buyung Poetra Sembada Tbk.,130,129,-1,-0.77%
439,440.0,HOKI-W,Waran Seri I Buyung Poetra Sembada Tbk,0,0,0,0.00%
440,441.0,HOME,Hotel Mandarine Regency Tbk.,50,0,0,0.00%
441,442.0,HOME-R,Right II Hotel Mandarine Regency Tbk,0,0,0,0.00%
442,443.0,HOMI,Grand House Mulia Tbk.,640,615,-25,-3.91%
443,444.0,HOPE,Harapan Duta Pertiwi Tbk.,136,127,-9,-6.62%
444,445.0,HOPE-W,Waran Seri I Harapan Duta Pertiwi Tbk.,14,14,0,0.00%
445,446.0,HOTL,Saraswati Griya Lestari Tbk.,50,0,0,0.00%
446,447.0,HRME,Menteng Heritage Realty Tbk.,52,52,0,0.00%
447,448.0,HRTA,Hartadinata Abadi Tbk.,206,202,-4,-1.94%
448,449.0,HRUM,Harum Energy Tbk.,1510,1480,-30,-1.99%
449,450.0,IATA,MNC Energy Investments Tbk.,155,158,3,1.94%
450,451.0,IATG-W,Warrant Infoasia Teknologi G,0,0,0,0.00%
451,452.0,IBFN,Intan Baru Prana Tbk.,97,0,0,0.00%
452,453.0,IBFN-R,Right I Intan Baruprana Finance Tbk,0,0,0,0.00%
453,454.0,IBFN-W,Waran Seri I Intan Baruprana Finance Tbk,9,0,0,0.00%
454,455.0,IBOS,Indo Boga Sukses Tbk.,110,110,0,0.00%
455,456.0,IBOS-W,Waran Seri I Indo Boga Sukses Tbk.,11,10,-1,-9.09%
456,457.0,IBST,Inti Bangun Sejahtera Tbk.,10350,0,0,0.00%
457,458.0,ICBP,Indofood CBP Sukses Makmur Tbk.,9325,9300,-25,-0.27%
458,459.0,ICON,Island Concepts Indonesia Tbk.,74,74,0,0.00%
459,460.0,IDEA,Idea Indonesia Akademi Tbk.,59,59,0,0.00%
460,461.0,IDKM-W,Warrant Indosiar Karya Media,0,0,0,0.00%
461,462.0,IDPR,Indonesia Pondasi Raya Tbk.,165,165,0,0.00%
462,463.0,IFII,Indonesia Fibreboard Industry Tbk.,149,148,-1,-0.67%
463,464.0,IFSH,Ifishdeco Tbk.,1325,1320,-5,-0.38%
464,465.0,IGAR,Champion Pacific Indonesia Tbk.,505,498,-7,-1.39%
465,466.0,IIKP,Inti Agri Resources Tbk,50,0,0,0.00%
466,467.0,IIKP-W,Warrant Inti Kapuas Arowana,0,0,0,0.00%
467,468.0,IKAI,Intikeramik Alamasri Industri Tbk.,50,50,0,0.00%
468,469.0,IKAN,Era Mandiri Cemerlang Tbk.,76,76,0,0.00%
469,470.0,IKBI,Sumi Indo Kabel Tbk.,214,210,-4,-1.87%
470,471.0,IMAS,Indomobil Sukses Internasional Tbk.,765,765,0,0.00%
471,472.0,IMJS,Indomobil Multi Jasa Tbk.,332,350,18,5.42%
472,473.0,IMJS-R,Right III Indomobil Multi Jasa Tbk,0,0,0,0.00%
473,474.0,IMPC,Impack Pratama Industri Tbk.,3600,3700,100,2.78%
474,475.0,INAF,Indofarma Tbk.,1220,1260,40,3.28%
475,476.0,INAI,Indal Aluminium Industry Tbk.,316,310,-6,-1.90%
476,477.0,INCF,Indo Komoditi Korpora Tbk.,50,50,0,0.00%
477,478.0,INCI,Intanwijaya Internasional Tbk,695,690,-5,-0.72%
478,479.0,INCO,Vale Indonesia Tbk.,5150,5025,-125,-2.43%
479,480.0,INDF,Indofood Sukses Makmur Tbk.,7050,6825,-225,-3.19%
480,481.0,INDO,Royalindo Investa Wijaya Tbk.,88,89,1,1.14%
481,482.0,INDO-W,Waran Seri I Royalindo Investa Wijaya Tbk.,14,15,1,7.14%
482,483.0,INDR,Indo-Rama Synthetics Tbk.,9850,9675,-175,-1.78%
483,484.0,INDS,Indospring Tbk.,2160,2160,0,0.00%
484,485.0,INDX,Tanah Laut Tbk,246,240,-6,-2.44%
485,486.0,INDY,Indika Energy Tbk.,2400,2360,-40,-1.67%
486,487.0,INKP,Indah Kiat Pulp & Paper Tbk.,7475,7500,25,0.33%
487,488.0,INOV,Inocycle Technology Group Tbk.,174,174,0,0.00%
488,489.0,INPC,Bank Artha Graha Internasional Tbk.,93,92,-1,-1.08%
489,490.0,INPC-R,Right IV Bank Artha Graha Internasional,0,0,0,0.00%
490,491.0,INPC-W,Waran Seri I Bank Artha Graha Intl. Tbk,5,0,0,0.00%
491,492.0,INPP,Indonesian Paradise Property Tbk.,402,396,-6,-1.49%
492,493.0,INPS,Indah Prakasa Sentosa Tbk.,885,850,-35,-3.95%
493,494.0,INRU,Toba Pulp Lestari Tbk.,555,585,30,5.41%
494,495.0,INTA,Intraco Penta Tbk.,74,0,0,0.00%
495,496.0,INTA-W,Waran Seri I Intraco Penta Tbk,0,0,0,0.00%
496,497.0,INTD,Inter Delta Tbk,224,226,2,0.89%
497,498.0,INTP,Indocement Tunggal Prakarsa Tbk.,9075,9025,-50,-0.55%
498,499.0,IPAC,Era Graharealty Tbk.,110,102,-8,-7.27%
499,500.0,IPCC,Indonesia Kendaraan Terminal Tbk.,560,560,0,0.00%
500,501.0,IPCM,Jasa Armada Indonesia Tbk.,284,282,-2,-0.70%
501,502.0,IPOL,Indopoly Swakarsa Industry Tbk.,158,158,0,0.00%
502,503.0,IPPE,Indo Pureco Pratama Tbk.,284,272,-12,-4.23%
503,504.0,IPTV,MNC Vision Networks Tbk.,107,105,-2,-1.87%
504,505.0,IPTV-W,Waran Seri I MNC Vision Networks Tbk,0,0,0,0.00%
505,506.0,IRRA,Itama Ranoraya Tbk.,1355,1325,-30,-2.21%
506,507.0,ISAT,Indosat Tbk.,6500,6350,-150,-2.31%
507,508.0,ISSP,Steel Pipe Industry of Indonesia Tbk.,270,270,0,0.00%
508,509.0,ITIC,Indonesian Tobacco Tbk.,286,288,2,0.70%
509,510.0,ITMA,Sumber Energi Andalan Tbk.,570,565,-5,-0.88%
510,511.0,ITMA-W,Waran Seri I Sumber Energi Andalan Tbk.,60,66,6,10.00%
511,512.0,ITMG,Indo Tambangraya Megah Tbk.,33300,33800,500,1.50%
512,513.0,ITTG-W,Warrant Integrasi Teknologi Tb,0,0,0,0.00%
513,514.0,JAST,Jasnita Telekomindo Tbk.,114,112,-2,-1.75%
514,515.0,JAST-R,Right I Jasnita Telekomindo Tbk,0,0,0,0.00%
515,516.0,JAST-W,Waran Seri I Jasnita Telekomindo Tbk.,21,21,0,0.00%
516,517.0,JAWA,Jaya Agra Wattie Tbk.,128,127,-1,-0.78%
517,518.0,JAYA,Armada Berjaya Trans Tbk.,115,114,-1,-0.87%
518,519.0,JAYA-R,Right I Armada Berjaya Trans Tbk,0,0,0,0.00%
519,520.0,JAYA-W,Waran Seri II Armada Berjaya Trans Tbk.,31,30,-1,-3.23%
520,521.0,JECC,Jembo Cable Company Tbk.,3980,3810,-170,-4.27%
521,522.0,JGLE,Graha Andrasentra Propertindo Tbk.,50,0,0,0.00%
522,523.0,JIHD,Jakarta International Hotels & Development Tbk.,298,296,-2,-0.67%
523,524.0,JKON,Jaya Konstruksi Manggala Pratama Tbk.,82,82,0,0.00%
524,525.0,JKSW,Jakarta Kyoei Steel Works Tbk.,60,0,0,0.00%
525,526.0,JMAS,Asuransi Jiwa Syariah Jasa Mitra Abadi Tbk.,119,111,-8,-6.72%
526,527.0,JPFA,Japfa Comfeed Indonesia Tbk.,1470,1460,-10,-0.68%
527,528.0,JRPT,Jaya Real Property Tbk.,474,472,-2,-0.42%
528,529.0,JSKY,Sky Energy Indonesia Tbk.,58,56,-2,-3.45%
529,530.0,JSMR,Jasa Marga (Persero) Tbk.,3580,3470,-110,-3.07%
530,531.0,JSPT,Jakarta Setiabudi Internasional Tbk.,835,0,0,0.00%
531,532.0,JTPE,Jasuindo Tiga Perkasa Tbk.,920,920,0,0.00%
532,533.0,KAEF,Kimia Farma Tbk.,1405,1445,40,2.85%
533,534.0,KARW,ICTSI Jasa Prima Tbk.,87,85,-2,-2.30%
534,535.0,KAYU,Darmi Bersaudara Tbk.,50,50,0,0.00%
535,536.0,KBAG,Karya Bersama Anugerah Tbk.,50,50,0,0.00%
536,537.0,KBAG-W,Waran Seri I Karya Bersama Anugerah Tbk.,8,8,0,0.00%
537,538.0,KBLI,KMI Wire & Cable Tbk.,322,320,-2,-0.62%
538,539.0,KBLM,Kabelindo Murni Tbk.,264,260,-4,-1.52%
539,540.0,KBLM-W,Warrant Seri I Kabelindo Murni,0,0,0,0.00%
540,541.0,KBLV,First Media Tbk.,218,216,-2,-0.92%
541,542.0,KBRI,Kertas Basuki Rachmat Indonesia Tbk.,50,0,0,0.00%
542,543.0,KDSI,Kedawung Setia Industrial Tbk.,1050,1035,-15,-1.43%
543,544.0,KEEN,Kencana Energi Lestari Tbk.,444,448,4,0.90%
544,545.0,KEJU,Mulia Boga Raya Tbk.,1290,1300,10,0.78%
545,546.0,KIAS,Keramika Indonesia Assosiasi Tbk.,50,50,0,0.00%
546,547.0,KICI,Kedaung Indah Can Tbk,187,186,-1,-0.53%
547,548.0,KIJA,Kawasan Industri Jababeka Tbk.,162,162,0,0.00%
548,549.0,KINO,Kino Indonesia Tbk.,2790,2670,-120,-4.30%
549,550.0,KIOS,Kioson Komersial Indonesia Tbk.,260,260,0,0.00%
550,551.0,KJEN,Krida Jaringan Nusantara Tbk.,195,222,27,13.85%
551,552.0,KKGI,Resource Alam Indonesia Tbk.,515,520,5,0.97%
552,553.0,KLBF,Kalbe Farma Tbk.,1680,1690,10,0.60%
553,554.0,KMDS,Kurniamitra Duta Sentosa Tbk.,605,600,-5,-0.83%
554,555.0,KMTR,Kirana Megatara Tbk.,290,288,-2,-0.69%
555,556.0,KMTR-R,Right I Kirana Megatara Tbk,0,0,0,0.00%
556,557.0,KOBX,Kobexindo Tractors Tbk.,440,428,-12,-2.73%
557,558.0,KOIN,Kokoh Inti Arebama Tbk,148,148,0,0.00%
558,559.0,KONI,Perdana Bangun Pusaka Tbk,1540,1540,0,0.00%
559,560.0,KOPI,Mitra Energi Persada Tbk.,550,570,20,3.64%
560,561.0,KOPI-W,Warrant Seri I Kopitime Dot Co,0,0,0,0.00%
561,562.0,KOTA,DMS Propertindo Tbk.,50,50,0,0.00%
562,563.0,KOTA-W,Waran Seri I DMS Propertindo Tbk,10,0,0,0.00%
563,564.0,KPAL,Steadfast Marine Tbk.,50,0,0,0.00%
564,565.0,KPAL-W,Waran Seri I Steadfast Marine Tbk,0,0,0,0.00%
565,566.0,KPAS,Cottonindo Ariesta Tbk.,62,0,0,0.00%
566,567.0,KPAS-W,Waran Seri I Cottonindo Ariesta Tbk,13,0,0,0.00%
567,568.0,KPIG,MNC Land Tbk.,90,88,-2,-2.22%
568,569.0,KRAH,Grand Kartech Tbk.,436,0,0,0.00%
569,570.0,KRAS,Krakatau Steel (Persero) Tbk.,348,352,4,1.15%
570,571.0,KREN,Kresna Graha Investama Tbk.,50,50,0,0.00%
571,572.0,KREN-R,Right I Kresna Graha Sekurindo Tbk,0,0,0,0.00%
572,573.0,KUAS,Ace Oldfields Tbk.,71,71,0,0.00%
573,574.0,KUAS-W,Waran Seri I Ace Oldfields Tbk.,16,16,0,0.00%
574,575.0,LABA,Ladangbaja Murni Tbk.,152,147,-5,-3.29%
575,576.0,LABA-W,Waran Seri I Ladangbaja Murni Tbk.,19,19,0,0.00%
576,577.0,LAMI-W,Warrant Seri I Lamicitra Nusan,0,0,0,0.00%
577,578.0,LAND,Trimitra Propertindo Tbk.,165,154,-11,-6.67%
578,579.0,LAPD,Leyand International Tbk.,50,0,0,0.00%
579,580.0,LCGP,Eureka Prima Jakarta Tbk.,114,0,0,0.00%
580,581.0,LCKM,LCK Global Kedaton Tbk.,296,300,4,1.35%
581,582.0,LEAD,Logindo Samudramakmur Tbk.,55,57,2,3.64%
582,583.0,LFLO,Imago Mulia Persada Tbk.,76,77,1,1.32%
583,584.0,LFLO-W,Waran Seri I Imago Mulia Persada Tbk,3,0,0,0.00%
584,585.0,LIFE,Asuransi Jiwa Sinarmas MSIG Tbk.,5800,0,0,0.00%
585,586.0,LINK,Link Net Tbk.,4650,4650,0,0.00%
586,587.0,LION,Lion Metal Works Tbk.,388,372,-16,-4.12%
587,588.0,LMAS,Limas Indonesia Makmur Tbk,50,50,0,0.00%
588,589.0,LMAS-W,Warrant Seri B Limas Stokhomin,0,0,0,0.00%
589,590.0,LMPI,Langgeng Makmur Industri Tbk.,169,170,1,0.59%
590,591.0,LMSH,Lionmesh Prima Tbk.,690,0,0,0.00%
591,592.0,LPCK,Lippo Cikarang Tbk,1090,1075,-15,-1.38%
592,593.0,LPCK-R,Right I Lippo Cikarang Tbk,0,0,0,0.00%
593,594.0,LPGI,Lippo General Insurance Tbk.,5750,5975,225,3.91%
594,595.0,LPIN,Multi Prima Sejahtera Tbk,440,452,12,2.73%
595,596.0,LPKR,Lippo Karawaci Tbk.,104,103,-1,-0.96%
596,597.0,LPKR-R,Right IV Lippo Karawaci Tbk,0,0,0,0.00%
597,598.0,LPLI,Star Pacific Tbk,260,260,0,0.00%
598,599.0,LPPF,Matahari Department Store Tbk.,4520,4600,80,1.77%
599,600.0,LPPS,Lenox Pasifik Investama Tbk.,92,90,-2,-2.17%
600,601.0,LRNA,Eka Sari Lorena Transport Tbk.,198,198,0,0.00%
601,602.0,LSIP,PP London Sumatra Indonesia Tbk.,1165,1150,-15,-1.29%
602,603.0,LTLS,Lautan Luas Tbk.,1200,1180,-20,-1.67%
603,604.0,LUCK,Sentral Mitra Informatika Tbk.,210,208,-2,-0.95%
604,605.0,LUCY,Lima Dua Lima Tiga Tbk.,119,130,11,9.24%
605,606.0,LUCY-W,Waran Seri I Lima Dua Lima Tiga Tbk.,62,66,4,6.45%
606,607.0,MABA,Marga Abhinaya Abadi Tbk.,50,0,0,0.00%
607,608.0,MAGP,Multi Agro Gemilang Plantation Tbk.,50,0,0,0.00%
608,609.0,MAGP-W,Waran Seri I Multi Agro Gemilang Plan.,0,0,0,0.00%
609,610.0,MAIN,Malindo Feedmill Tbk.,615,620,5,0.81%
610,611.0,MAIN-R,Right I Malindo Feedmill Tbk,0,0,0,0.00%
611,612.0,MAMI,Mas Murni Indonesia Tbk,50,0,0,0.00%
612,613.0,MAMI-W,Waran Seri I Mas Murni Indonesia Tbk,6,0,0,0.00%
613,614.0,MAMIP,Mas Murni Tbk (Saham Preferen),600,0,0,0.00%
614,615.0,MAPA,Map Aktif Adiperkasa Tbk.,2980,2870,-110,-3.69%
615,616.0,MAPB,MAP Boga Adiperkasa Tbk.,1550,1550,0,0.00%
616,617.0,MAPI,Mitra Adiperkasa Tbk.,895,850,-45,-5.03%
617,618.0,MARI,Mahaka Radio Integra Tbk.,158,156,-2,-1.27%
618,619.0,MARK,Mark Dynamics Indonesia Tbk.,940,935,-5,-0.53%
619,620.0,MASA,Multistrada Arah Sarana Tbk.,3370,3370,0,0.00%
620,621.0,MASB,Bank Multiarta Sentosa Tbk.,3420,3420,0,0.00%
621,622.0,MASB-W,Waran Seri I Bank Multiarta Sentosa Tbk.,108,98,-10,-9.26%
622,623.0,MAYA,Bank Mayapada Internasional Tbk.,545,545,0,0.00%
623,624.0,MAYA-R,Right VIII Bank Mayapada Int. Tbk,0,0,0,0.00%
624,625.0,MBAP,Mitrabara Adiperdana Tbk.,6600,6375,-225,-3.41%
625,626.0,MBSS,Mitrabahtera Segara Sejati Tbk.,955,960,5,0.52%
626,627.0,MBTO,Martina Berto Tbk.,112,111,-1,-0.89%
627,628.0,MCAS,M Cash Integrasi Tbk.,12450,12450,0,0.00%
628,629.0,MCOL,Prima Andalan Mandiri Tbk.,6875,6800,-75,-1.09%
629,630.0,MCOR,Bank China Construction Bank Indonesia Tbk.,90,89,-1,-1.11%
630,631.0,MCOR-R,Right II Bank Windu Kentjana Int Tbk,0,0,0,0.00%
631,632.0,MDIA,Intermedia Capital Tbk.,50,0,0,0.00%
632,633.0,MDKA,Merdeka Copper Gold Tbk.,3750,3610,-140,-3.73%
633,634.0,MDKA-R,Right II Merdeka Copper Gold Tbk,0,0,0,0.00%
634,635.0,MDKI,Emdeki Utama Tbk.,195,194,-1,-0.51%
635,636.0,MDLN,Modernland Realty Tbk.,91,91,0,0.00%
636,637.0,MDRN,Modern Internasional Tbk.,50,0,0,0.00%
637,638.0,MEDC,Medco Energi Internasional Tbk.,580,560,-20,-3.45%
638,639.0,MEDC-W,Waran Seri I Medco Energi Intl. Tbk,0,0,0,0.00%
639,640.0,MEGA,Bank Mega Tbk.,4930,4930,0,0.00%
640,641.0,MERK,Merck Tbk.,4130,4100,-30,-0.73%
641,642.0,META,Nusantara Infrastructure Tbk.,143,143,0,0.00%
642,643.0,MFIN,Mandala Multifinance Tbk.,1500,1525,25,1.67%
643,644.0,MFMI,Multifiling Mitra Indonesia Tbk.,675,670,-5,-0.74%
644,645.0,MGLV,Panca Anugrah Wisesa Tbk.,131,124,-7,-5.34%
645,646.0,MGLV-W,Waran Seri I Panca Anugrah Wisesa Tbk,1,0,0,0.00%
646,647.0,MGNA,Magna Investama Mandiri Tbk.,50,0,0,0.00%
647,648.0,MGNA-W,Waran Seri I Magna Finance Tbk,0,0,0,0.00%
648,649.0,MGRO,Mahkota Group Tbk.,885,890,5,0.57%
649,650.0,MICE,Multi Indocitra Tbk.,400,400,0,0.00%
650,651.0,MIDI,Midi Utama Indonesia Tbk.,2190,2160,-30,-1.37%
651,652.0,MIKA,Mitra Keluarga Karyasehat Tbk.,2750,2750,0,0.00%
652,653.0,MINA,Sanurhasta Mitra Tbk.,50,50,0,0.00%
653,654.0,MIRA,Mitra International Resources Tbk.,50,0,0,0.00%
654,655.0,MITI,Mitra Investindo Tbk.,169,168,-1,-0.59%
655,656.0,MKNT,Mitra Komunikasi Nusantara Tbk.,50,50,0,0.00%
656,657.0,MKPI,Metropolitan Kentjana Tbk.,22550,0,0,0.00%
657,658.0,MLBI,Multi Bintang Indonesia Tbk.,9325,9275,-50,-0.54%
658,659.0,MLIA,Mulia Industrindo Tbk,2690,2830,140,5.20%
659,660.0,MLPL,Multipolar Tbk.,155,153,-2,-1.29%
660,661.0,MLPL-R,Right VII Multipolar Tbk,0,0,0,0.00%
661,662.0,MLPT,Multipolar Technology Tbk.,2640,2590,-50,-1.89%
662,663.0,MMLP,Mega Manunggal Property Tbk.,398,396,-2,-0.50%
663,664.0,MNCN,Media Nusantara Citra Tbk.,950,910,-40,-4.21%
664,665.0,MOLI,Madusari Murni Indah Tbk.,252,254,2,0.79%
665,666.0,MPMX,Mitra Pinasthika Mustika Tbk.,910,900,-10,-1.10%
666,667.0,MPOW,Megapower Makmur Tbk.,117,117,0,0.00%
667,668.0,MPPA,Matahari Putra Prima Tbk.,194,190,-4,-2.06%
668,669.0,MPPA-R,Right VI Matahari Putra Prima Tbk,0,0,0,0.00%
669,670.0,MPRO,Maha Properti Indonesia Tbk.,770,780,10,1.30%
670,671.0,MRAT,Mustika Ratu Tbk.,246,290,44,17.89%
671,672.0,MREI,Maskapai Reasuransi Indonesia Tbk.,3250,3130,-120,-3.69%
672,673.0,MSIN,MNC Digital Entertainment Tbk.,4960,4950,-10,-0.20%
673,674.0,MSKY,MNC Sky Vision Tbk.,302,304,2,0.66%
674,675.0,MSKY-R,Right I MNC Sky Vision Tbk,0,0,0,0.00%
675,676.0,MTDL,Metrodata Electronics Tbk.,570,565,-5,-0.88%
676,677.0,MTDL-W1,Warrant Seri I Metrodata Elect,0,0,0,0.00%
677,678.0,MTEL,Dayamitra Telekomunikasi Tbk.,715,720,5,0.70%
678,679.0,MTFN,Capitalinc Investment Tbk.,50,50,0,0.00%
679,680.0,MTLA,Metropolitan Land Tbk.,338,340,2,0.59%
680,681.0,MTMH,Murni Sadar Tbk.,2690,2690,0,0.00%
681,682.0,MTPS,Meta Epsi Tbk.,50,50,0,0.00%
682,683.0,MTRA,Mitra Pemuda Tbk.,244,0,0,0.00%
683,684.0,MTSM,Metro Realty Tbk.,194,197,3,1.55%
684,685.0,MTWI,Malacca Trust Wuwungan Insurance Tbk.,147,151,4,2.72%
685,686.0,MYOH,Samindo Resources Tbk.,1625,1700,75,4.62%
686,687.0,MYOR,Mayora Indah Tbk.,1910,1910,0,0.00%
687,688.0,MYRX,Hanson International Tbk.,50,0,0,0.00%
688,689.0,MYRXP,Saham Seri B Hanson International Tbk.,50,0,0,0.00%
689,690.0,MYTX,Asia Pacific Investama Tbk.,55,55,0,0.00%
690,691.0,MYTX-R,Right III Asia Pasific Investama Tbk,0,0,0,0.00%
691,692.0,NANO,Nanotech Indonesia Global Tbk.,52,52,0,0.00%
692,693.0,NANO-W,Waran Seri I Nanotech Indonesia Global Tbk.,8,9,1,12.50%
693,694.0,NASA,Andalan Perkasa Abadi Tbk.,50,50,0,0.00%
694,695.0,NASA-W,"Waran Seri I PT Ayana Land Intl, Tbk",0,0,0,0.00%
695,696.0,NASI,Wahana Inti Makmur Tbk.,222,226,4,1.80%
696,697.0,NATO,Surya Permata Andalan Tbk.,575,595,20,3.48%
697,698.0,NATO-W,Waran Seri I Nusantara Properti Int.,394,0,0,0.00%
698,699.0,NELY,Pelayaran Nelly Dwi Putri Tbk.,300,294,-6,-2.00%
699,700.0,NETV,Net Visi Media Tbk.,304,292,-12,-3.95%
700,701.0,NFCX,NFC Indonesia Tbk.,7525,7500,-25,-0.33%
701,702.0,NICK,Charnic Capital Tbk.,446,476,30,6.73%
702,703.0,NICL,PAM Mineral Tbk.,86,85,-1,-1.16%
703,704.0,NICL-W,Waran Seri I PAM Mineral Tbk.,9,9,0,0.00%
704,705.0,NIKL,Pelat Timah Nusantara Tbk.,765,800,35,4.58%
705,706.0,NIPS,Nipress Tbk.,282,0,0,0.00%
706,707.0,NIRO,City Retail Developments Tbk.,147,146,-1,-0.68%
707,708.0,NISP,Bank OCBC NISP Tbk.,630,630,0,0.00%
708,709.0,NOBU,Bank Nationalnobu Tbk.,570,555,-15,-2.63%
709,710.0,NOBU-R,Right I Bank Nationalnobu Tbk,0,0,0,0.00%
710,711.0,NPGF,Nusa Palapa Gemilang Tbk.,60,57,-3,-5.00%
711,712.0,NRCA,Nusa Raya Cipta Tbk.,288,288,0,0.00%
712,713.0,NTBK,Nusatama Berkah Tbk.,50,50,0,0.00%
713,714.0,NTBK-W,Waran Seri I Nusatama Berkah Tbk.,7,6,-1,-14.29%
714,715.0,NUSA,Sinergi Megah Internusa Tbk.,50,0,0,0.00%
715,716.0,NUSA-W,Waran Seri I Sinergi Megah Internusa Tbk,0,0,0,0.00%
716,717.0,NZIA,Nusantara Almazia Tbk.,131,132,1,0.76%
717,718.0,NZIA-W,Waran Seri I Nusantara Almazia Tbk,0,0,0,0.00%
718,719.0,OASA,Protech Mitra Perkasa Tbk.,620,615,-5,-0.81%
719,720.0,OBMD,OBM Drilchem Tbk.,151,148,-3,-1.99%
720,721.0,OBMD-W,Waran Seri I OBM Drilchem Tbk.,28,28,0,0.00%
721,722.0,OCAP,Onix Capital Tbk.,159,0,0,0.00%
722,723.0,OILS,Indo Oil Perkasa Tbk.,212,210,-2,-0.94%
723,724.0,OILS-W,Waran Seri I Indo Oil Perkasa Tbk.,45,46,1,2.22%
724,725.0,OKAS,Ancora Indonesia Resources Tbk.,50,50,0,0.00%
725,726.0,OLIV,Oscar Mitra Sukses Sejahtera Tbk.,100,101,1,1.00%
726,727.0,OLIV-W,Waran Seri I Oscar Mitra Sukses Sejahtera Tbk.,8,8,0,0.00%
727,728.0,OMRE,Indonesia Prima Property Tbk,530,510,-20,-3.77%
728,729.0,OPMS,Optima Prima Metal Sinergi Tbk.,105,106,1,0.95%
729,730.0,PADI,Minna Padi Investama Sekuritas Tbk.,50,0,0,0.00%
730,731.0,PALM,Provident Agro Tbk.,690,680,-10,-1.45%
731,732.0,PAMG,Bima Sakti Pertiwi Tbk.,94,93,-1,-1.06%
732,733.0,PANI,Pratama Abadi Nusa Industri Tbk.,8225,8400,175,2.13%
733,734.0,PANR,Panorama Sentrawisata Tbk.,208,206,-2,-0.96%
734,735.0,PANS,Panin Sekuritas Tbk.,1500,1570,70,4.67%
735,736.0,PBID,Panca Budi Idaman Tbk.,1655,1675,20,1.21%
736,737.0,PBRX,Pan Brothers Tbk.,128,129,1,0.78%
737,738.0,PBSA,Paramita Bangun Sarana Tbk.,294,288,-6,-2.04%
738,739.0,PCAR,Prima Cakrawala Abadi Tbk.,125,123,-2,-1.60%
739,740.0,PDES,Destinasi Tirta Nusantara Tbk,208,208,0,0.00%
740,741.0,PEGE,Panca Global Kapital Tbk.,925,870,-55,-5.95%
741,742.0,PEHA,Phapros Tbk.,925,935,10,1.08%
742,743.0,PGAS,Perusahaan Gas Negara Tbk.,1595,1540,-55,-3.45%
743,744.0,PGJO,Tourindo Guide Indonesia Tbk.,72,72,0,0.00%
744,745.0,PGLI,Pembangunan Graha Lestari Indah Tbk.,206,224,18,8.74%
745,746.0,PGUN,Pradiksi Gunatama Tbk.,675,0,0,0.00%
746,747.0,PICO,Pelangi Indah Canindo Tbk,123,128,5,4.07%
747,748.0,PJAA,Pembangunan Jaya Ancol Tbk.,595,585,-10,-1.68%
748,749.0,PKPK,Perdana Karya Perkasa Tbk,195,195,0,0.00%
749,750.0,PLAN,Planet Properindo Jaya Tbk.,37,37,0,0.00%
750,751.0,PLAN-W,Waran Seri I Planet Properindo Jaya Tbk.,8,8,0,0.00%
751,752.0,PLAS,Polaris Investama Tbk,50,0,0,0.00%
752,753.0,PLAS-W,Warrant Seri I Plastpack Prima,0,0,0,0.00%
753,754.0,PLIN,Plaza Indonesia Realty Tbk.,2100,2100,0,0.00%
754,755.0,PMJS,Putra Mandiri Jembar Tbk.,169,170,1,0.59%
755,756.0,PMMP,Panca Mitra Multiperdana Tbk.,390,382,-8,-2.05%
756,757.0,PNBN,Bank Pan Indonesia Tbk,1875,1890,15,0.80%
757,758.0,PNBS,Bank Panin Dubai Syariah Tbk.,72,71,-1,-1.39%
758,759.0,PNBS-R,Right II Bank Panin Dubai Syariah Tbk,0,0,0,0.00%
759,760.0,PNGO,Pinago Utama Tbk.,1325,1325,0,0.00%
760,761.0,PNIN,Paninvest Tbk.,880,870,-10,-1.14%
761,762.0,PNLF,Panin Financial Tbk.,424,420,-4,-0.94%
762,763.0,PNLF-R,Right VII Panin Financial Tbk,0,0,0,0.00%
763,764.0,PNLF-W2,Warrant Seri IIB Panin Life,0,0,0,0.00%
764,765.0,PNLF-W3,Warrant Seri III A Panin Life,0,0,0,0.00%
765,766.0,PNSE,Pudjiadi & Sons Tbk.,505,0,0,0.00%
766,767.0,POLA,Pool Advista Finance Tbk.,93,92,-1,-1.08%
767,768.0,POLA-W,Waran Seri I Pool Advista Finance Tbk.,63,56,-7,-11.11%
768,769.0,POLI,Pollux Hotels Group Tbk.,825,825,0,0.00%
769,770.0,POLL,Pollux Properties Indonesia Tbk.,416,404,-12,-2.88%
770,771.0,POLU,Golden Flower Tbk.,560,555,-5,-0.89%
771,772.0,POLY,Asia Pacific Fibers Tbk,54,53,-1,-1.85%
772,773.0,POOL,Pool Advista Indonesia Tbk.,50,0,0,0.00%
773,774.0,POOL-R,Right II Pool Advista Indonesia Tbk,0,0,0,0.00%
774,775.0,PORT,Nusantara Pelabuhan Handal Tbk.,560,525,-35,-6.25%
775,776.0,POSA,Bliss Properti Indonesia Tbk.,50,0,0,0.00%
776,777.0,POSA-W,Waran Seri I Bliss Propertindo Indo. Tbk,0,0,0,0.00%
777,778.0,POWR,Cikarang Listrindo Tbk.,685,675,-10,-1.46%
778,779.0,PPGL,Prima Globalindo Logistik Tbk.,148,146,-2,-1.35%
779,780.0,PPGL-W,Waran Seri I Prima Globalindo Logistik Tbk.,1,2,1,100.00%
780,781.0,PPRE,PP Presisi Tbk.,145,143,-2,-1.38%
781,782.0,PPRO,PP Properti Tbk.,50,50,0,0.00%
782,783.0,PPRO-R,Right I PP Properti Tbk,0,0,0,0.00%
783,784.0,PRAS,Prima Alloy Steel Universal Tbk.,206,204,-2,-0.97%
784,785.0,PRDA,Prodia Widyahusada Tbk.,6250,6250,0,0.00%
785,786.0,PRIM,Royal Prima Tbk.,234,234,0,0.00%
786,787.0,PRIM-W,Waran Seri I Royal Prima Tbk,0,0,0,0.00%
787,788.0,PSAB,J Resources Asia Pasifik Tbk.,119,118,-1,-0.84%
788,789.0,PSDN,Prasidha Aneka Niaga Tbk,111,110,-1,-0.90%
789,790.0,PSGO,Palma Serasih Tbk.,180,180,0,0.00%
790,791.0,PSKT,Red Planet Indonesia Tbk.,52,58,6,11.54%
791,792.0,PSKT-W,Waran Seri I Pusako Tarinka Tbk,0,0,0,0.00%
792,793.0,PSSI,Pelita Samudera Shipping Tbk.,640,620,-20,-3.13%
793,794.0,PTBA,Bukit Asam Tbk.,3980,4030,50,1.26%
794,795.0,PTBA-W,Warrant Tambang Batubara Bukit,0,0,0,0.00%
795,796.0,PTDU,Djasa Ubersakti Tbk.,93,94,1,1.08%
796,797.0,PTIS,Indo Straits Tbk.,170,168,-2,-1.18%
797,798.0,PTPP,PP (Persero) Tbk.,890,890,0,0.00%
798,799.0,PTPP-R,Right I PP (Persero) Tbk,0,0,0,0.00%
799,800.0,PTPW,Pratama Widya Tbk.,1080,1070,-10,-0.93%
800,801.0,PTRO,Petrosea Tbk.,2820,2790,-30,-1.06%
801,802.0,PTSN,Sat Nusapersada Tbk,197,197,0,0.00%
802,803.0,PTSP,Pioneerindo Gourmet International Tbk.,3100,2900,-200,-6.45%
803,804.0,PUDP,Pudjiadi Prestige Tbk.,340,330,-10,-2.94%
804,805.0,PURA,Putra Rajawali Kencana Tbk.,50,50,0,0.00%
805,806.0,PURA-W,Waran Seri I Putra Rajawali Kencana Tbk.,10,10,0,0.00%
806,807.0,PURE,Trinitan Metals and Minerals Tbk.,50,50,0,0.00%
807,808.0,PURI,Puri Global Sukses Tbk.,470,478,8,1.70%
808,809.0,PWON,Pakuwon Jati Tbk.,448,444,-4,-0.89%
809,810.0,PYFA,Pyridam Farma Tbk,1045,1045,0,0.00%
810,811.0,PYFA-W,Warrant Pyridam Farma Tbk,0,0,0,0.00%
811,812.0,PZZA,Sarimelati Kencana Tbk.,545,545,0,0.00%
812,813.0,R-ABFII,Asian Bond Fund - Indonesia Bond Index Fund,28600,0,0,0.00%
813,814.0,R-LQ45X,Premier ETF LQ-45 (R-LQ45X),1032,1020,-12,-1.16%
814,815.0,RAJA,Rukun Raharja Tbk.,570,570,0,0.00%
815,816.0,RALS,Ramayana Lestari Sentosa Tbk.,570,555,-15,-2.63%
816,817.0,RANC,Supra Boga Lestari Tbk.,1355,1285,-70,-5.17%
817,818.0,RBMS,Ristia Bintang Mahkotasejati Tbk.,51,51,0,0.00%
818,819.0,RBMS-R,Right II Ristia Bintang Mahkotasejati,0,0,0,0.00%
819,820.0,RDTX,Roda Vivatex Tbk,8000,8000,0,0.00%
820,821.0,REAL,Repower Asia Indonesia Tbk.,50,50,0,0.00%
821,822.0,REAL-W,Waran Seri I Repower Asia Indonesia Tbk,0,0,0,0.00%
822,823.0,RELI,Reliance Sekuritas Indonesia Tbk.,650,655,5,0.77%
823,824.0,RICY,Ricky Putra Globalindo Tbk,97,100,3,3.09%
824,825.0,RIGS,Rig Tenders Indonesia Tbk.,535,665,130,24.30%
825,826.0,RIMO,Rimo International Lestari Tbk,50,0,0,0.00%
826,827.0,RIMO-W,Warrant Rimo Catur Lestari Tbk,0,0,0,0.00%
827,828.0,RISE,Jaya Sukses Makmur Sentosa Tbk.,770,765,-5,-0.65%
828,829.0,RMBA,Bentoel Internasional Investama Tbk.,306,0,0,0.00%
829,830.0,RMBA-R,Right III Bentoel International Inv. Tbk,0,0,0,0.00%
830,831.0,RMKE,RMK Energy Tbk.,720,770,50,6.94%
831,832.0,ROCK,Rockfields Properti Indonesia Tbk.,498,464,-34,-6.83%
832,833.0,RODA,Pikko Land Development Tbk.,87,85,-2,-2.30%
833,834.0,RONY,Aesler Grup Internasional Tbk.,800,0,0,0.00%
834,835.0,ROTI,Nippon Indosari Corpindo Tbk.,1280,1280,0,0.00%
835,836.0,RSGK,Kedoya Adyaraya Tbk.,1300,1300,0,0.00%
836,837.0,RUIS,Radiant Utama Interinsco Tbk.,192,193,1,0.52%
837,838.0,RUNS,Global Sukses Solusi Tbk.,174,172,-2,-1.15%
838,839.0,SAFE,Steady Safe Tbk,214,214,0,0.00%
839,840.0,SAME,Sarana Meditama Metropolitan Tbk.,416,424,8,1.92%
840,841.0,SAME-R,Right II Sarana Meditama Metropolitan Tb,0,0,0,0.00%
841,842.0,SAMF,Saraswanti Anugerah Makmur Tbk.,442,440,-2,-0.45%
842,843.0,SAPX,Satria Antaran Prima Tbk.,990,990,0,0.00%
843,844.0,SATU,Kota Satu Properti Tbk.,110,112,2,1.82%
844,845.0,SBAT,Sejahtera Bintang Abadi Textile Tbk.,50,50,0,0.00%
845,846.0,SBAT-R,Right I Sejahtera Bintang Abadi Textile,0,0,0,0.00%
846,847.0,SBAT-W,Waran Seri I Sejahtera Bintang Abadi Textile Tbk.,7,7,0,0.00%
847,848.0,SBAT-W2,Waran Seri II Sejahtera Bintang Abadi Textile Tbk.,8,9,1,12.50%
848,849.0,SBMA,Surya Biru Murni Acetylene Tbk.,133,130,-3,-2.26%
849,850.0,SBMA-W,Waran Seri I Surya Biru Murni Acetylene Tbk.,30,35,5,16.67%
850,851.0,SCCO,Supreme Cable Manufacturing & Commerce Tbk.,9875,0,0,0.00%
851,852.0,SCMA,Surya Citra Media Tbk.,206,202,-4,-1.94%
852,853.0,SCNP,Selaras Citra Nusantara Perkasa Tbk.,230,230,0,0.00%
853,854.0,SCPI,Organon Pharma Indonesia Tbk.,29000,0,0,0.00%
854,855.0,SDMU,Sidomulyo Selaras Tbk.,78,77,-1,-1.28%
855,856.0,SDPC,Millennium Pharmacon International Tbk.,130,131,1,0.77%
856,857.0,SDRA,Bank Woori Saudara Indonesia 1906 Tbk.,570,570,0,0.00%
857,858.0,SDRA-R,Right III Bank Woori Saudara Indonesia,0,0,0,0.00%
858,859.0,SEMA,Semacom Integrated Tbk.,200,197,-3,-1.50%
859,860.0,SEMA-W,Waran Seri I Semacom Integrated Tbk.,31,30,-1,-3.23%
860,861.0,SFAN,Surya Fajar Capital Tbk.,1540,1530,-10,-0.65%
861,862.0,SGER,Sumber Global Energy Tbk.,1250,1205,-45,-3.60%
862,863.0,SGER-W,Waran Seri I Sumber Global Energy Tbk.,1800,0,0,0.00%
863,864.0,SGRO,Sampoerna Agro Tbk.,2020,2000,-20,-0.99%
864,865.0,SHID,Hotel Sahid Jaya International Tbk.,2040,2030,-10,-0.49%
865,866.0,SHIP,Sillo Maritime Perdana Tbk.,1245,1280,35,2.81%
866,867.0,SIAP-R,HMETD Sekawan Intipratama Tbk.,0,0,0,0.00%
867,868.0,SICO,Sigma Energy Compressindo Tbk.,145,152,7,4.83%
868,869.0,SICO-W,Waran Seri I Sigma Energy Compressindo Tbk.,45,44,-1,-2.22%
869,870.0,SIDO,Industri Jamu dan Farmasi Sido Muncul Tbk.,980,955,-25,-2.55%
870,871.0,SILO,Siloam International Hospitals Tbk.,1010,1005,-5,-0.50%
871,872.0,SILO-R,Right II Siloam Intl. Hospitals Tbk,0,0,0,0.00%
872,873.0,SIMA,Siwani Makmur Tbk,50,0,0,0.00%
873,874.0,SIMP,Salim Ivomas Pratama Tbk.,444,442,-2,-0.45%
874,875.0,SINI,Singaraja Putra Tbk.,274,274,0,0.00%
875,876.0,SINI-W,Waran Seri I Singaraja Putra Tbk.,135,133,-2,-1.48%
876,877.0,SIPD,Sreeya Sewu Indonesia Tbk.,1615,1615,0,0.00%
877,878.0,SKBM,Sekar Bumi Tbk.,370,360,-10,-2.70%
878,879.0,SKLT,Sekar Laut Tbk.,2010,0,0,0.00%
879,880.0,SKRN,Superkrane Mitra Utama Tbk.,1200,1165,-35,-2.92%
880,881.0,SKYB,Northcliff Citranusa Indonesia Tbk.,51,0,0,0.00%
881,882.0,SLIS,Gaya Abadi Sempurna Tbk.,173,198,25,14.45%
882,883.0,SMAR,Smart Tbk.,4320,4210,-110,-2.55%
883,884.0,SMBR,Semen Baturaja (Persero) Tbk.,464,464,0,0.00%
884,885.0,SMCB,Solusi Bangun Indonesia Tbk.,1600,1630,30,1.88%
885,886.0,SMCB-R,Right II Solusi Bangun Indonesia Tbk,0,0,0,0.00%
886,887.0,SMDM,Suryamas Dutamakmur Tbk.,188,188,0,0.00%
887,888.0,SMDR,Samudera Indonesia Tbk.,2550,2510,-40,-1.57%
888,889.0,SMGR,Semen Indonesia (Persero) Tbk.,6400,6400,0,0.00%
889,890.0,SMKL,Satyamitra Kemas Lestari Tbk.,376,374,-2,-0.53%
890,891.0,SMKL-W,Waran Seri I Satyamitra Kemas Lestari,1,0,0,0.00%
891,892.0,SMKM,Sumber Mas Konstruksi Tbk.,188,173,-15,-7.98%
892,893.0,SMMA,Sinarmas Multiartha Tbk.,12200,0,0,0.00%
893,894.0,SMMT,Golden Eagle Energy Tbk.,830,805,-25,-3.01%
894,895.0,SMMT-R,Right I Eatertainment International Tbk,0,0,0,0.00%
895,896.0,SMRA,Summarecon Agung Tbk.,555,550,-5,-0.90%
896,897.0,SMRA-R,Right II Summarecon Agung Tbk,0,0,0,0.00%
897,898.0,SMRU,SMR Utama Tbk.,50,0,0,0.00%
898,899.0,SMSM,Selamat Sempurna Tbk.,1300,1275,-25,-1.92%
899,900.0,SNLK,Sunter Lakeside Hotel Tbk.,780,730,-50,-6.41%
900,901.0,SOCI,Soechi Lines Tbk.,181,183,2,1.11%
901,902.0,SOFA,Boston Furniture Industries Tbk.,30,33,3,10.00%
902,903.0,SOFA-W,Waran Seri I Boston Furniture Industries,0,0,0,0.00%
903,904.0,SOHO,Soho Global Health Tbk.,5900,5900,0,0.00%
904,905.0,SONA,Sona Topas Tourism Industry Tbk.,3630,0,0,0.00%
905,906.0,SOSS,Shield On Service Tbk.,394,394,0,0.00%
906,907.0,SOSS-W,Waran Seri I Shield On Service Tbk.,43,44,1,2.33%
907,908.0,SOTS,Satria Mega Kencana Tbk.,320,298,-22,-6.88%
908,909.0,SOTS-W,Waran Seri I Satria Mega Kencana Tbk.,47,46,-1,-2.13%
909,910.0,SPMA,Suparma Tbk.,610,600,-10,-1.64%
910,911.0,SPMA-W,Warrant Suparma Tbk,0,0,0,0.00%
911,912.0,SPTO,Surya Pertiwi Tbk.,575,580,5,0.87%
912,913.0,SQMI,Wilton Makmur Indonesia Tbk.,64,62,-2,-3.13%
913,914.0,SRAJ,Sejahteraraya Anugrahjaya Tbk.,181,183,2,1.11%
914,915.0,SRAJ-R,Right I Sejahteraraya Anugrahjaya Tbk,0,0,0,0.00%
915,916.0,SRIL,Sri Rejeki Isman Tbk.,146,0,0,0.00%
916,917.0,SRSN,Indo Acidatama Tbk,52,52,0,0.00%
917,918.0,SRTG,Saratoga Investama Sedaya Tbk.,2360,2250,-110,-4.66%
918,919.0,SSIA,Surya Semesta Internusa Tbk.,376,368,-8,-2.13%
919,920.0,SSMS,Sawit Sumbermas Sarana Tbk.,1300,1315,15,1.15%
920,921.0,SSTM,Sunson Textile Manufacture Tbk,795,0,0,0.00%
921,922.0,STAA,Sumber Tani Agung Resources Tbk.,1255,1250,-5,-0.40%
922,923.0,STAR,Buana Artha Anugerah Tbk.,134,134,0,0.00%
923,924.0,STTP,Siantar Top Tbk.,8425,0,0,0.00%
924,925.0,SUGI,Sugih Energy Tbk.,50,0,0,0.00%
925,926.0,SULI,SLJ Global Tbk.,57,56,-1,-1.75%
926,927.0,SULI-W,Waran Seri I Sumalindo Lestari,0,0,0,0.00%
927,928.0,SUPR,Solusi Tunas Pratama Tbk.,36700,0,0,0.00%
928,929.0,SURE,Super Energy Tbk.,1890,0,0,0.00%
929,930.0,SWAT,Sriwahana Adityakarta Tbk.,82,84,2,2.44%
930,931.0,SWID,Saraswanti Indoland Development Tbk.,175,163,-12,-6.86%
931,932.0,SWID-W,Waran Seri I Saraswanti Indoland Development Tbk.,10,11,1,10.00%
932,933.0,TALF,Tunas Alfin Tbk.,368,344,-24,-6.52%
933,934.0,TAMA,Lancartama Sejati Tbk.,50,50,0,0.00%
934,935.0,TAMA-R,Right I Lancartama Sejati Tbk,0,0,0,0.00%
935,936.0,TAMA-W,Waran Seri I Lancartama Sejati Tbk.,10,10,0,0.00%
936,937.0,TAMA-W2,Waran Seri II Lancartama Sejati Tbk.,22,20,-2,-9.09%
937,938.0,TAMU,Pelayaran Tamarin Samudra Tbk.,50,50,0,0.00%
938,939.0,TAPG,Triputra Agro Persada Tbk.,615,595,-20,-3.25%
939,940.0,TARA,Agung Semesta Sejahtera Tbk.,50,50,0,0.00%
940,941.0,TARA-W,Waran Seri I Sitara Propertindo Tbk,0,0,0,0.00%
941,942.0,TAXI,Express Transindo Utama Tbk.,50,50,0,0.00%
942,943.0,TAYS,Jaya Swarasa Agung Tbk.,190,193,3,1.58%
943,944.0,TBIG,Tower Bersama Infrastructure Tbk.,2870,2900,30,1.05%
944,945.0,TBLA,Tunas Baru Lampung Tbk.,770,765,-5,-0.65%
945,946.0,TBMS,Tembaga Mulia Semanan Tbk.,1745,1750,5,0.29%
946,947.0,TCID,Mandom Indonesia Tbk.,5300,5225,-75,-1.42%
947,948.0,TCPI,Transcoal Pacific Tbk.,10550,0,0,0.00%
948,949.0,TDPM,Tridomain Performance Materials Tbk.,119,0,0,0.00%
949,950.0,TEBE,Dana Brata Luhur Tbk.,755,760,5,0.66%
950,951.0,TECH,Indosterling Technomedia Tbk.,7500,7375,-125,-1.67%
951,952.0,TELE,Tiphone Mobile Indonesia Tbk.,50,50,0,0.00%
952,953.0,TFAS,Telefast Indonesia Tbk.,4450,4390,-60,-1.35%
953,954.0,TFCO,Tifico Fiber Indonesia Tbk.,710,0,0,0.00%
954,955.0,TGKA,Tigaraksa Satria Tbk.,7250,7250,0,0.00%
955,956.0,TGRA,Terregra Asia Energy Tbk.,53,51,-2,-3.77%
956,957.0,TIFA,KDB Tifa Finance Tbk.,500,0,0,0.00%
957,958.0,TIFA-R,HMETD KDB Tifa Finance Tbk.,0,0,0,0.00%
958,959.0,TINS,Timah Tbk.,1360,1335,-25,-1.84%
959,960.0,TIRA,Tira Austenite Tbk,410,428,18,4.39%
960,961.0,TIRT,Tirta Mahakam Resources Tbk,50,50,0,0.00%
961,962.0,TIRT-W,Warrant Seri I Tirta Mahakam R,0,0,0,0.00%
962,963.0,TKIM,Pabrik Kertas Tjiwi Kimia Tbk.,6300,6250,-50,-0.79%
963,964.0,TKIM-W,Waran Seri II Pabrik Kertas Tjiwi Kimia,0,0,0,0.00%
964,965.0,TLDN,Teladan Prima Agro Tbk.,585,585,0,0.00%
965,966.0,TLKM,Telkom Indonesia (Persero) Tbk.,4010,3940,-70,-1.75%
966,967.0,TMAS,Temas Tbk.,2820,2730,-90,-3.19%
967,968.0,TMPI-W,Waran Seri II AGIS Tbk,0,0,0,0.00%
968,969.0,TMPO,Tempo Intimedia Tbk.,123,124,1,0.81%
969,970.0,TMPO-R,Right I Tempo Inti Media Tbk,0,0,0,0.00%
970,971.0,TMPO-W,Warrant Seri I Tempo Inti Medi,0,0,0,0.00%
971,972.0,TNCA,Trimuda Nuansa Citra Tbk.,414,426,12,2.90%
972,973.0,TOBA,TBS Energi Utama Tbk.,780,750,-30,-3.85%
973,974.0,TOPS,Totalindo Eka Persada Tbk.,50,50,0,0.00%
974,975.0,TOTL,Total Bangun Persada Tbk.,302,300,-2,-0.66%
975,976.0,TOTO,Surya Toto Indonesia Tbk.,268,274,6,2.24%
976,977.0,TOWR,Sarana Menara Nusantara Tbk.,1145,1150,5,0.44%
977,978.0,TOYS,Sunindo Adipersada Tbk.,120,120,0,0.00%
978,979.0,TOYS-W,Waran Seri I Sunindo Adipersada Tbk.,6,5,-1,-16.67%
979,980.0,TPIA,Chandra Asri Petrochemical Tbk.,9050,9200,150,1.66%
980,981.0,TPIA-R,Right III Chandra Asri Petrocemical Tbk,0,0,0,0.00%
981,982.0,TPMA,Trans Power Marine Tbk.,368,380,12,3.26%
982,983.0,TRAM,Trada Alam Minera Tbk.,50,0,0,0.00%
983,984.0,TRAM-W,Waran Seri II Trada Alam Minera Tbk.,0,0,0,0.00%
984,985.0,TRGU,Cerestar Indonesia Tbk.,406,505,99,24.38%
985,986.0,TRIL,Triwira Insanlestari Tbk.,50,0,0,0.00%
986,987.0,TRIM,Trimegah Sekuritas Indonesia Tbk.,228,226,-2,-0.88%
987,988.0,TRIN,Perintis Triniti Properti Tbk.,400,396,-4,-1.00%
988,989.0,TRIN-W,Waran Seri I Perintis Triniti Properti Tbk.,78,77,-1,-1.28%
989,990.0,TRIO,Trikomsel Oke Tbk.,426,0,0,0.00%
990,991.0,TRIO-R,Right I Trikomsel Oke Tbk Seri A,0,0,0,0.00%
991,992.0,TRIO-R2,Right II Trikomsel Oke Tbk Seri B,0,0,0,0.00%
992,993.0,TRIS,Trisula International Tbk.,164,163,-1,-0.61%
993,994.0,TRIS-R,Right I Trisula International Tbk,0,0,0,0.00%
994,995.0,TRIS-W,Waran Seri I Trisula International Tbk.,6,0,0,0.00%
995,996.0,TRJA,Transkon Jaya Tbk.,230,228,-2,-0.87%
996,997.0,TRST,Trias Sentosa Tbk.,730,730,0,0.00%
997,998.0,TRUE,Triniti Dinamik Tbk.,61,61,0,0.00%
998,999.0,TRUE-W,Waran Seri I Triniti Dinamik Tbk.,14,14,0,0.00%
999,1000.0,TRUK,Guna Timur Raya Tbk.,121,121,0,0.00%
1000,1001.0,TRUS,Trust Finance Indonesia Tbk,418,418,0,0.00%
1001,1002.0,TSPC,Tempo Scan Pacific Tbk.,1380,1410,30,2.17%
1002,1003.0,TUGU,Asuransi Tugu Pratama Indonesia Tbk.,1305,1315,10,0.77%
1003,1004.0,TURI,Tunas Ridean Tbk.,1560,0,0,0.00%
1004,1005.0,UANG,Pakuan Tbk.,550,545,-5,-0.91%
1005,1006.0,UCID,Uni-Charm Indonesia Tbk.,1220,1225,5,0.41%
1006,1007.0,UFOE,Damai Sejahtera Abadi Tbk.,955,890,-65,-6.81%
1007,1008.0,ULTJ,"Ultra Jaya Milk Industry & Trading Company, Tbk.",1450,1440,-10,-0.69%
1008,1009.0,UNIC,Unggul Indah Cahaya Tbk.,12225,12200,-25,-0.20%
1009,1010.0,UNIQ,Ulima Nitra Tbk.,53,54,1,1.89%
1010,1011.0,UNIT,Nusantara Inti Corpora Tbk,316,0,0,0.00%
1011,1012.0,UNSP,Bakrie Sumatera Plantations Tbk.,123,121,-2,-1.63%
1012,1013.0,UNTR,United Tractors Tbk.,26925,28275,1350,5.01%
1013,1014.0,UNVR,Unilever Indonesia Tbk.,4880,4900,20,0.41%
1014,1015.0,URBN,Urban Jakarta Propertindo Tbk.,230,230,0,0.00%
1015,1016.0,URBN-W,Waran Seri I Urban Jakarta Propertindo,7,0,0,0.00%
1016,1017.0,UVCR,Trimegah Karya Pratama Tbk.,149,150,1,0.67%
1017,1018.0,UVCR-W,Waran Seri I Trimegah Karya Pratama Tbk.,30,29,-1,-3.33%
1018,1019.0,VICI,Victoria Care Indonesia Tbk.,440,442,2,0.45%
1019,1020.0,VICO,Victoria Investama Tbk.,160,160,0,0.00%
1020,1021.0,VICO-W,Waran Seri I Victoria Investama Tbk,0,0,0,0.00%
1021,1022.0,VINS,Victoria Insurance Tbk.,162,162,0,0.00%
1022,1023.0,VIVA,Visi Media Asia Tbk.,50,50,0,0.00%
1023,1024.0,VOKS,Voksel Electric Tbk.,167,169,2,1.20%
1024,1025.0,VRNA,Verena Multi Finance Tbk.,105,104,-1,-0.95%
1025,1026.0,VRNA-R,Right II Verena Multi Finance Tbk,0,0,0,0.00%
1026,1027.0,WAPO,Wahana Pronatural Tbk.,136,130,-6,-4.41%
1027,1028.0,WAPO-R,Right I Wahana Pronatural Tbk,0,0,0,0.00%
1028,1029.0,WAPO-W,Warrant Seri I Wahana Phonix M,0,0,0,0.00%
1029,1030.0,WEGE,Wijaya Karya Bangunan Gedung Tbk.,174,172,-2,-1.15%
1030,1031.0,WEHA,WEHA Transportasi Indonesia Tbk.,172,171,-1,-0.58%
1031,1032.0,WEHA-W,Waran Seri II Panorama Transportasi Tbk,0,0,0,0.00%
1032,1033.0,WGSH,Wira Global Solusi Tbk.,169,168,-1,-0.59%
1033,1034.0,WICO,Wicaksana Overseas International Tbk.,376,380,4,1.06%
1034,1035.0,WIFI,Solusi Sinergi Digital Tbk.,274,270,-4,-1.46%
1035,1036.0,WIFI-W,Waran Seri I Solusi Sinergi Digital Tbk.,72,80,8,11.11%
1036,1037.0,WIIM,Wismilak Inti Makmur Tbk.,450,454,4,0.89%
1037,1038.0,WIKA,Wijaya Karya (Persero) Tbk.,915,905,-10,-1.09%
1038,1039.0,WIKA-R,Right I Wijaya Karya (Persero) Tbk,0,0,0,0.00%
1039,1040.0,WINR,Winner Nusantara Jaya Tbk.,52,52,0,0.00%
1040,1041.0,WINR-W,Waran Seri I Winner Nusantara Jaya Tbk.,7,7,0,0.00%
1041,1042.0,WINS,Wintermar Offshore Marine Tbk.,176,186,10,5.68%
1042,1043.0,WIRG,WIR ASIA Tbk.,565,575,10,1.77%
1043,1044.0,WIRG-W,Waran Seri I WIR ASIA Tbk.,238,246,8,3.36%
1044,1045.0,WMPP,Widodo Makmur Perkasa Tbk.,130,130,0,0.00%
1045,1046.0,WMUU,Widodo Makmur Unggas Tbk.,139,138,-1,-0.72%
1046,1047.0,WOMF,Wahana Ottomitra Multiartha Tbk.,242,242,0,0.00%
1047,1048.0,WOOD,Integra Indocabinet Tbk.,560,555,-5,-0.89%
1048,1049.0,WOWS,Ginting Jaya Energi Tbk.,50,50,0,0.00%
1049,1050.0,WSBP,Waskita Beton Precast Tbk.,95,0,0,0.00%
1050,1051.0,WSKT,Waskita Karya (Persero) Tbk.,535,525,-10,-1.87%
1051,1052.0,WSKT-R,Right II Waskita Karya (Persero) Tbk,0,0,0,0.00%
1052,1053.0,WTON,Wijaya Karya Beton Tbk.,202,202,0,0.00%
1053,1054.0,XAFA,Reksa Dana Avrist ETF Fixed Rate Bond I,990,1040,50,5.05%
1054,1055.0,XAQA,Reksa Dana Ashmore ETF LQ45 ALPHA,1245,1158,-87,-6.99%
1055,1056.0,XASG,Reksa Dana Indeks Aurora ETF FTSE Indone,0,0,0,0.00%
1056,1057.0,XBES,Reksa Dana Indeks BNI-AM ETF MSCI ESG Leaders Indonesia,1535,1695,160,10.42%
1057,1058.0,XBID,Reksa Dana Indeks Batavia IDX30 ETF,543,535,-8,-1.47%
1058,1059.0,XBIG,Reksa Dana Indeks BNP Paribas IDX Growth30 ETF,522,0,0,0.00%
1059,1060.0,XBIN,Reksa Dana Indeks Bahana ETF Bisnis - 27,514,0,0,0.00%
1060,1061.0,XBLQ,Reksa Dana Batavia Smart Liquid ETF,487,0,0,0.00%
1061,1062.0,XBNI,Reksa Dana Indeks BNI-AM Nusantara ETF MSCI Indonesia,1043,0,0,0.00%
1062,1063.0,XBSK,Reksa Dana Indeks Batavia SRI-KEHATI ETF,407,398,-9,-2.21%
1063,1064.0,XCEG,Reksa Dana Indeks Capital ETF IDX ESG Leaders,93,92,-1,-1.08%
1064,1065.0,XCID,DIRE Ciptadana Properti Ritel Indonesia,85,86,1,1.18%
1065,1066.0,XCIS,DIRE Ciptadana Properti Perhotelan Padjajaran,101,102,1,0.99%
1066,1067.0,XCLQ,Reksa Dana Indeks Cipta ETF Index LQ45,101,101,0,0.00%
1067,1068.0,XDIF,Reksa Dana Danareksa ETF Indonesia Top 40,476,0,0,0.00%
1068,1069.0,XDSG,Reksa Dana Indeks Danareksa ETF MSCI Indonesia ESG Screened,986,966,-20,-2.03%
1069,1070.0,XFES,Reksa Dana Indeks FWD Asset IDX ESG Leaders ETF,131,0,0,0.00%
1070,1071.0,XIFE,Reksa Dana Indeks Premier ETF FTSE Indonesia ESG,106,105,-1,-0.94%
1071,1072.0,XIHD,Reksa Dana Indeks Premier ETF IDX High Dividend 20,542,540,-2,-0.37%
1072,1073.0,XIIC,Reksa Dana Premier ETF Indonesia Consumer,993,0,0,0.00%
1073,1074.0,XIID,Reksa Dana Indeks Premier ETF Index IDX30,535,0,0,0.00%
1074,1075.0,XIIF,Reksa Dana Premier ETF Indonesia Financial,507,500,-7,-1.38%
1075,1076.0,XIIT,Reksa Dana Premier ETF IDX30,553,543,-10,-1.81%
1076,1077.0,XIJI,Reksa Dana Syariah Premier ETF JII,630,630,0,0.00%
1077,1078.0,XILV,RDI Insight ETF FTSE Indonesia Low Volatility Factor Index,118,117,-1,-0.85%
1078,1079.0,XIML,Reksa Dana Indeks Premier ETF MSCI Indonesia Large Cap,256,0,0,0.00%
1079,1080.0,XIPI,Reksa Dana Indeks Premier ETF PEFINDO i-Grade,173,0,0,0.00%
1080,1081.0,XISB,Reksa Dana Premier ETF Indonesia Sovereign Bonds,398,0,0,0.00%
1081,1082.0,XISC,Reksa Dana Premier ETF Indonesia Stated-Owned Companies,684,0,0,0.00%
1082,1083.0,XISI,Premier ETF SMinfra18,337,334,-3,-0.89%
1083,1084.0,XISR,Premier ETF SRI-KEHATI,404,398,-6,-1.49%
1084,1085.0,XKIV,Reksa Dana Indeks KISI IDX Value30 ETF,504,0,0,0.00%
1085,1086.0,XKMS,Reksa Dana Indeks KISI MSCI Indonesia ETF,1109,1092,-17,-1.53%
1086,1087.0,XMIG,Reksa Dana Indeks Majoris Pefindo I-Grade ETF Indonesia,183,0,0,0.00%
1087,1088.0,XMJM,DINFRA TOLL ROAD MANDIRI-001,1001,0,0,0.00%
1088,1089.0,XMTS,Reksa Dana ETF MNC36 Likuid,485,0,0,0.00%
1089,1090.0,XNVE,Reksa Dana Indeks Nusadana ETF IDX Value30,160,158,-2,-1.25%
1090,1091.0,XPCR,Reksa Dana PNM ETF CORE LQ45,918,0,0,0.00%
1091,1092.0,XPDV,Reksa Dana Pinnacle Core High Dividend ETF,543,540,-3,-0.55%
1092,1093.0,XPES,Reksa Dana Syariah KIK Pinnacle Enhanced Sharia ETF,412,0,0,0.00%
1093,1094.0,XPFT,Reksa Dana Indeks Pinnacle FTSE Indonesia ETF,549,544,-5,-0.91%
1094,1095.0,XPID,Reksa Dana Indeks Pinnacle IDX30 ETF,518,0,0,0.00%
1095,1096.0,XPLC,Reksa Dana Pinnacle Indonesia Large-Cap ETF,481,0,0,0.00%
1096,1097.0,XPLQ,Reksa Dana Pinnacle Enhanced Liquid ETF,503,0,0,0.00%
1097,1098.0,XPMI,ETF Phillip MSCI Indonesia Equity Index,1010,0,0,0.00%
1098,1099.0,XPSG,Reksa Dana Pinnacle Indonesia ESG ETF,394,0,0,0.00%
1099,1100.0,XPTD,Reksa Dana Indeks Panin ETF IDX30 Dinamis,515,0,0,0.00%
1100,1101.0,XSBC,Reksa Dana Indeks Simas ETF IDX30,110,0,0,0.00%
1101,1102.0,XSMU,RD Syailendra ETF MSCI Indonesia ESG Universal Index,141,145,4,2.84%
1102,1103.0,XSPI,DIRE Simas Plaza Indonesia,750,0,0,0.00%
1103,1104.0,XSRI,Reksa Dana Indeks STAR ETF SRI-KEHATI,202,0,0,0.00%
1104,1105.0,XSSI,Reksa Dana Syariah Indeks Simas ETF JII,76,76,0,0.00%
1105,1106.0,XSSK,Reksa Dana Indeks SAM ETF SRI-KEHATI,829,1035,206,24.85%
1106,1107.0,YELO,Yelooo Integra Datanet Tbk.,91,92,1,1.10%
1107,1108.0,YELO-R,Right I Yelooo Integra Datanet Tbk,0,0,0,0.00%
1108,1109.0,YELO-W,Waran Seri I Yelooo Integra Datanet Tbk,12,0,0,0.00%
1109,1110.0,YPAS,Yanaprima Hastapersada Tbk,530,530,0,0.00%
1110,1111.0,YULE,Yulie Sekuritas Indonesia Tbk.,2140,2120,-20,-0.93%
1111,1112.0,ZBRA,Dosni Roha Indonesia Tbk.,560,560,0,0.00%
1112,1113.0,ZBRA-R,Right II Zebra Nusantara Tbk,0,0,0,0.00%
1113,1114.0,ZINC,Kapuas Prima Coal Tbk.,81,80,-1,-1.23%
1114,1115.0,ZONE,Mega Perintis Tbk.,1455,1355,-100,-6.87%
1115,1116.0,ZYRX,Zyrexindo Mandiri Buana Tbk.,444,440,-4,-0.90%
1116,1117.0,ZYRX-W,Waran Seri I Zyrexindo Mandiri Buana Tbk.,27,26,-1,-3.70%
